region,season,epiweek,week_end,num_ili,num_patients,ili
CA,2017-2018,201740,2017-10-07,852,48569,1.75421
CA,2017-2018,201741,2017-10-14,733,47742,1.53534
CA,2017-2018,201742,2017-10-21,823,52516,1.56714
CA,2017-2018,201743,2017-10-28,906,52575,1.72325
CA,2017-2018,201744,2017-11-04,948,47793,1.98355
CA,2017-2018,201745,2017-11-11,950,49777,1.90851
CA,2017-2018,201746,2017-11-18,1024,51251,1.99801
CA,2017-2018,201747,2017-11-25,817,36820,2.2189
CA,2017-2018,201748,2017-12-02,988,50688,1.94918
CA,2017-2018,201749,2017-12-09,1236,49477,2.49813
CA,2017-2018,201750,2017-12-16,1671,49266,3.39179
CA,2017-2018,201751,2017-12-23,2069,45087,4.58891
CA,2017-2018,201752,2017-12-30,2512,36712,6.84245
CA,2017-2018,201801,2018-01-06,2310,34658,6.6651300000000004
CA,2017-2018,201802,2018-01-13,2361,50328,4.69123
CA,2017-2018,201803,2018-01-20,1963,49874,3.93592
CA,2017-2018,201804,2018-01-27,2038,52286,3.89779
CA,2017-2018,201805,2018-02-03,2369,55627,4.25872
CA,2017-2018,201806,2018-02-10,2116,55407,3.81901
CA,2017-2018,201807,2018-02-17,1879,50592,3.71403
CA,2017-2018,201808,2018-02-24,1619,46112,3.51102
CA,2017-2018,201809,2018-03-03,1870,51253,3.64857
CA,2017-2018,201810,2018-03-10,1813,53433,3.39303
CA,2017-2018,201811,2018-03-17,1658,51650,3.21007
CA,2017-2018,201812,2018-03-24,1457,49258,2.9579
CA,2017-2018,201813,2018-03-31,1167,42259,2.76154
CA,2017-2018,201814,2018-04-07,1082,46923,2.30591
CA,2017-2018,201815,2018-04-14,903,49879,1.81038
CA,2017-2018,201816,2018-04-21,888,48286,1.83904
CA,2017-2018,201817,2018-04-28,934,48911,1.90959
CA,2017-2018,201818,2018-05-05,876,47122,1.859
CA,2017-2018,201819,2018-05-12,828,46475,1.7816
CA,2017-2018,201820,2018-05-19,708,44470,1.59208
CA,2017-2018,201821,2018-05-26,690,40820,1.69035
CA,2017-2018,201822,2018-06-02,581,37828,1.5359
CA,2017-2018,201823,2018-06-09,571,42455,1.34495
CA,2017-2018,201824,2018-06-16,548,40946,1.33835
CA,2017-2018,201825,2018-06-23,526,31963,1.64565
CA,2017-2018,201826,2018-06-30,493,32091,1.53626
CA,2017-2018,201827,2018-07-07,380,34706,1.09491
CA,2017-2018,201828,2018-07-14,398,40418,0.98471
CA,2017-2018,201829,2018-07-21,379,40584,0.933866
CA,2017-2018,201830,2018-07-28,382,40361,0.946458
CA,2017-2018,201831,2018-08-04,374,39694,0.942208
CA,2017-2018,201832,2018-08-11,387,40532,0.954801
CA,2017-2018,201833,2018-08-18,391,41273,0.947351
CA,2017-2018,201834,2018-08-25,335,39396,0.85034
CA,2017-2018,201835,2018-09-01,435,42792,1.01655
CA,2017-2018,201836,2018-09-08,515,38143,1.35018
CA,2017-2018,201837,2018-09-15,645,41942,1.53784
CA,2017-2018,201838,2018-09-22,555,40592,1.36726
CA,2017-2018,201839,2018-09-29,546,41889,1.30344
CA,2018-2019,201840,2018-10-06,698,47137,1.48079
CA,2018-2019,201841,2018-10-13,598,47006,1.27218
CA,2018-2019,201842,2018-10-20,691,48390,1.42798
CA,2018-2019,201843,2018-10-27,753,47554,1.58346
CA,2018-2019,201844,2018-11-03,875,49603,1.76401
CA,2018-2019,201845,2018-11-10,944,50580,1.86635
CA,2018-2019,201846,2018-11-17,943,45451,2.07476
CA,2018-2019,201847,2018-11-24,719,34603,2.07785
CA,2018-2019,201848,2018-12-01,1177,50044,2.35193
CA,2018-2019,201849,2018-12-08,1206,47271,2.55125
CA,2018-2019,201850,2018-12-15,1356,46742,2.90103
CA,2018-2019,201851,2018-12-22,1288,40780,3.15841
CA,2018-2019,201852,2018-12-29,935,27856,3.35655
CA,2018-2019,201901,2019-01-05,1021,30557,3.3413
CA,2018-2019,201902,2019-01-12,1415,45057,3.14047
CA,2018-2019,201903,2019-01-19,1325,46081,2.87537
CA,2018-2019,201904,2019-01-26,1267,46179,2.74367
CA,2018-2019,201905,2019-02-02,1657,50930,3.25349
CA,2018-2019,201906,2019-02-09,1617,49471,3.26858
CA,2018-2019,201907,2019-02-16,1726,45746,3.77301
CA,2018-2019,201908,2019-02-23,1562,45822,3.40884
CA,2018-2019,201909,2019-03-02,1856,51592,3.59746
CA,2018-2019,201910,2019-03-09,1804,51181,3.52475
CA,2018-2019,201911,2019-03-16,1708,50695,3.36917
CA,2018-2019,201912,2019-03-23,1699,48781,3.48291
CA,2018-2019,201913,2019-03-30,1371,46258,2.96381
CA,2018-2019,201914,2019-04-06,1329,45408,2.9268
CA,2018-2019,201915,2019-04-13,1165,48514,2.40137
CA,2018-2019,201916,2019-04-20,1084,47547,2.27985
CA,2018-2019,201917,2019-04-27,972,48032,2.02365
CA,2018-2019,201918,2019-05-04,702,43294,1.62147
CA,2018-2019,201919,2019-05-11,771,42421,1.8175
CA,2018-2019,201920,2019-05-18,674,41245,1.63414
CA,2018-2019,201921,2019-05-25,616,39908,1.54355
CA,2018-2019,201922,2019-06-01,620,36696,1.68956
CA,2018-2019,201923,2019-06-08,579,37777,1.53268
CA,2018-2019,201924,2019-06-15,570,39331,1.44924
CA,2018-2019,201925,2019-06-22,474,37931,1.24964
CA,2018-2019,201926,2019-06-29,465,37978,1.22439
CA,2018-2019,201927,2019-07-06,329,32753,1.00449
CA,2018-2019,201928,2019-07-13,343,38118,0.899837
CA,2018-2019,201929,2019-07-20,344,37730,0.911741
CA,2018-2019,201930,2019-07-27,345,38376,0.898999
CA,2018-2019,201931,2019-08-03,315,37742,0.834614
CA,2018-2019,201932,2019-08-10,370,37140,0.99623
CA,2018-2019,201933,2019-08-17,311,38076,0.816787
CA,2018-2019,201934,2019-08-24,310,39595,0.782927
CA,2018-2019,201935,2019-08-31,413,40925,1.00916
CA,2018-2019,201936,2019-09-07,385,37765,1.01946
CA,2018-2019,201937,2019-09-14,480,42910,1.11862
CA,2018-2019,201938,2019-09-21,480,42066,1.14106
CA,2018-2019,201939,2019-09-28,485,42728,1.13509
CA,2019-2020,201940,2019-10-05,770,56592,1.36062
CA,2019-2020,201941,2019-10-12,830,54765,1.51557
CA,2019-2020,201942,2019-10-19,898,55023,1.63204
CA,2019-2020,201943,2019-10-26,988,56884,1.73687
CA,2019-2020,201944,2019-11-02,1016,54405,1.86748
CA,2019-2020,201945,2019-11-09,1258,57340,2.19393
CA,2019-2020,201946,2019-11-16,1481,60644,2.44212
CA,2019-2020,201947,2019-11-23,1536,64120,2.39551
CA,2019-2020,201948,2019-11-30,1205,43929,2.74306
CA,2019-2020,201949,2019-12-07,1697,62417,2.71881
CA,2019-2020,201950,2019-12-14,1678,60624,2.76788
CA,2019-2020,201951,2019-12-21,1854,57339,3.2334
CA,2019-2020,201952,2019-12-28,2040,43414,4.69895
CA,2019-2020,202001,2020-01-04,2217,45550,4.86718
CA,2019-2020,202002,2020-01-11,2601,62635,4.15263
CA,2019-2020,202003,2020-01-18,2738,63636,4.3026
CA,2019-2020,202004,2020-01-25,3087,64276,4.80273
CA,2019-2020,202005,2020-02-01,3365,67542,4.98209
CA,2019-2020,202006,2020-02-08,3394,67139,5.05518
CA,2019-2020,202007,2020-02-15,2885,60079,4.80201
CA,2019-2020,202008,2020-02-22,2762,61186,4.5141
CA,2019-2020,202009,2020-02-29,2765,65377,4.22932
CA,2019-2020,202010,2020-03-07,2395,60003,3.99147
CA,2019-2020,202011,2020-03-14,2322,54378,4.27011
CA,2019-2020,202012,2020-03-21,1474,29945,4.92236
CA,2019-2020,202013,2020-03-28,1101,30414,3.62004
CA,2019-2020,202014,2020-04-04,739,28464,2.59626
CA,2019-2020,202015,2020-04-11,567,27315,2.07578
CA,2019-2020,202016,2020-04-18,452,28999,1.55867
CA,2019-2020,202017,2020-04-25,388,30159,1.28651
CA,2019-2020,202018,2020-05-02,406,32260,1.25852
CA,2019-2020,202019,2020-05-09,394,35456,1.11124
CA,2019-2020,202020,2020-05-16,379,33434,1.13358
CA,2019-2020,202021,2020-05-23,387,36489,1.06059
CA,2019-2020,202022,2020-05-30,364,35131,1.03612
CA,2019-2020,202023,2020-06-06,325,38636,0.841184
CA,2019-2020,202024,2020-06-13,345,39704,0.86893
CA,2019-2020,202025,2020-06-20,404,40789,0.990463
CA,2019-2020,202026,2020-06-27,550,41403,1.32841
CA,2019-2020,202027,2020-07-04,592,38834,1.52444
CA,2019-2020,202028,2020-07-11,691,42560,1.62359
CA,2019-2020,202029,2020-07-18,649,41802,1.55256
CA,2019-2020,202030,2020-07-25,731,52756,1.38562
CA,2019-2020,202031,2020-08-01,724,51073,1.41758
CA,2019-2020,202032,2020-08-08,603,50918,1.18426
CA,2019-2020,202033,2020-08-15,528,52754,1.00087
CA,2019-2020,202034,2020-08-22,427,53414,0.799416
CA,2019-2020,202035,2020-08-29,435,53643,0.810917
CA,2019-2020,202036,2020-09-05,429,53590,0.800522
CA,2019-2020,202037,2020-09-12,427,50317,0.84862
CA,2019-2020,202038,2020-09-19,432,55088,0.7842
CA,2019-2020,202039,2020-09-26,457,51943,0.879811
CA,2020-2021,202040,2020-10-03,494,58047,0.851035
CA,2020-2021,202041,2020-10-10,676,64808,1.04308
CA,2020-2021,202042,2020-10-17,650,65503,0.992321
CA,2020-2021,202043,2020-10-24,642,64500,0.995349
CA,2020-2021,202044,2020-10-31,732,64741,1.13066
CA,2020-2021,202045,2020-11-07,857,68797,1.24569
CA,2020-2021,202046,2020-11-14,871,61228,1.42255
CA,2020-2021,202047,2020-11-21,1093,74297,1.47112
CA,2020-2021,202048,2020-11-28,1128,61001,1.84915
CA,2020-2021,202049,2020-12-05,1252,75065,1.66789
CA,2020-2021,202050,2020-12-12,1352,69871,1.93499
CA,2020-2021,202051,2020-12-19,1278,63847,2.00166
CA,2020-2021,202052,2020-12-26,1085,49074,2.21095
CA,2020-2021,202053,2021-01-02,1082,52648,2.05516
CA,2020-2021,202101,2021-01-09,1140,61993,1.83892
CA,2020-2021,202102,2021-01-16,989,62821,1.57431
CA,2020-2021,202103,2021-01-23,763,59923,1.2733
CA,2020-2021,202104,2021-01-30,679,58763,1.15549
CA,2020-2021,202105,2021-02-06,649,61625,1.05314
CA,2020-2021,202106,2021-02-13,546,59979,0.910319
CA,2020-2021,202107,2021-02-20,463,56726,0.816204
CA,2020-2021,202108,2021-02-27,519,61392,0.845387
CA,2020-2021,202109,2021-03-06,505,61478,0.821432
CA,2020-2021,202110,2021-03-13,471,62067,0.758857
CA,2020-2021,202111,2021-03-20,468,62793,0.745306
CA,2020-2021,202112,2021-03-27,506,62151,0.814146
CA,2020-2021,202113,2021-04-03,492,63195,0.778543
CA,2020-2021,202114,2021-04-10,522,65944,0.791581
CA,2020-2021,202115,2021-04-17,632,69854,0.904744
CA,2020-2021,202116,2021-04-24,575,68333,0.841468
CA,2020-2021,202117,2021-05-01,614,66109,0.928769
CA,2020-2021,202118,2021-05-08,631,63070,1.00048
CA,2020-2021,202119,2021-05-15,715,64212,1.1135
CA,2020-2021,202120,2021-05-22,674,60963,1.10559
CA,2020-2021,202121,2021-05-29,715,62248,1.14863
CA,2020-2021,202122,2021-06-05,619,59610,1.03842
CA,2020-2021,202123,2021-06-12,723,65350,1.10635
CA,2020-2021,202124,2021-06-19,711,65745,1.08145
CA,2020-2021,202125,2021-06-26,779,67221,1.15886
CA,2020-2021,202126,2021-07-03,807,64096,1.25905
CA,2020-2021,202127,2021-07-10,846,64553,1.31055
CA,2020-2021,202128,2021-07-17,1098,67559,1.62525
CA,2020-2021,202129,2021-07-24,1163,69164,1.68151
CA,2020-2021,202130,2021-07-31,1309,69823,1.87474
CA,2020-2021,202131,2021-08-07,1463,69839,2.09482
CA,2020-2021,202132,2021-08-14,1494,70066,2.13228
CA,2020-2021,202133,2021-08-21,1627,69014,2.35749
CA,2020-2021,202134,2021-08-28,1636,70209,2.33019
CA,2020-2021,202135,2021-09-04,1891,69416,2.72416
CA,2020-2021,202136,2021-09-11,1549,64919,2.38605
CA,2020-2021,202137,2021-09-18,1356,66562,2.0372
CA,2020-2021,202138,2021-09-25,1260,66585,1.89232
CA,2020-2021,202139,2021-10-02,1185,72332,1.63828
CA,2021-2022,202140,2021-10-09,1986,124469,1.59558
CA,2021-2022,202141,2021-10-16,1828,114256,1.59992
CA,2021-2022,202142,2021-10-23,2023,118802,1.70283
CA,2021-2022,202143,2021-10-30,2044,119720,1.70732
CA,2021-2022,202144,2021-11-06,2006,119974,1.67203
CA,2021-2022,202145,2021-11-13,2158,120716,1.78767
CA,2021-2022,202146,2021-11-20,2118,122832,1.72431
CA,2021-2022,202147,2021-11-27,2073,103401,2.00482
CA,2021-2022,202148,2021-12-04,2358,123647,1.90704
CA,2021-2022,202149,2021-12-11,2345,117962,1.98793
CA,2021-2022,202150,2021-12-18,2366,114225,2.07135
CA,2021-2022,202151,2021-12-25,3243,107273,3.02313
CA,2021-2022,202152,2022-01-01,5210,120083,4.33867
CA,2021-2022,202201,2022-01-08,5700,133094,4.28269
CA,2021-2022,202202,2022-01-15,4320,126940,3.40318
CA,2021-2022,202203,2022-01-22,2584,112052,2.30607
CA,2021-2022,202204,2022-01-29,1958,114242,1.71391
CA,2021-2022,202205,2022-02-05,1503,109685,1.37029
CA,2021-2022,202206,2022-02-12,1292,113899,1.13434
CA,2021-2022,202207,2022-02-19,1109,111397,0.995538
CA,2021-2022,202208,2022-02-26,1038,108396,0.9576
CA,2021-2022,202209,2022-03-05,1260,117442,1.07287
CA,2021-2022,202210,2022-03-12,1291,118179,1.09241
CA,2021-2022,202211,2022-03-19,1383,121247,1.14065
CA,2021-2022,202212,2022-03-26,1559,121104,1.28732
CA,2021-2022,202213,2022-04-02,1556,120827,1.28779
CA,2021-2022,202214,2022-04-09,1614,121032,1.33353
CA,2021-2022,202215,2022-04-16,1704,119406,1.42706
CA,2021-2022,202216,2022-04-23,1921,120075,1.59983
CA,2021-2022,202217,2022-04-30,2210,126467,1.74749
CA,2021-2022,202218,2022-05-07,2419,122109,1.98102
CA,2021-2022,202219,2022-05-14,2603,121630,2.1401
CA,2021-2022,202220,2022-05-21,3040,125748,2.41753
CA,2021-2022,202221,2022-05-28,3017,125133,2.41103
CA,2021-2022,202222,2022-06-04,3067,119021,2.57686
CA,2021-2022,202223,2022-06-11,2688,117347,2.29064
CA,2021-2022,202224,2022-06-18,2451,115603,2.12019
CA,2021-2022,202225,2022-06-25,2399,118543,2.02374
CA,2021-2022,202226,2022-07-02,2244,120184,1.86714
CA,2021-2022,202227,2022-07-09,2202,115660,1.90386
CA,2021-2022,202228,2022-07-16,2136,119176,1.79231
CA,2021-2022,202229,2022-07-23,1993,119370,1.6696
CA,2021-2022,202230,2022-07-30,1828,114747,1.59307
CA,2021-2022,202231,2022-08-06,1619,114954,1.40839
CA,2021-2022,202232,2022-08-13,1534,114864,1.33549
CA,2021-2022,202233,2022-08-20,1623,117842,1.37727
CA,2021-2022,202234,2022-08-27,1949,120082,1.62306
CA,2021-2022,202235,2022-09-03,2218,122049,1.8173
CA,2021-2022,202236,2022-09-10,2152,120829,1.78103
CA,2021-2022,202237,2022-09-17,2146,124957,1.71739
CA,2021-2022,202238,2022-09-24,2331,124479,1.87261
CA,2021-2022,202239,2022-10-01,2440,124123,1.96579
CA,2022-2023,202240,2022-10-08,7136,291552,2.44759
CA,2022-2023,202241,2022-10-15,7892,292549,2.69767
CA,2022-2023,202242,2022-10-22,8955,295844,3.02693
CA,2022-2023,202243,2022-10-29,11136,298035,3.73647
CA,2022-2023,202244,2022-11-05,13396,297341,4.50526
CA,2022-2023,202245,2022-11-12,16348,299779,5.45335
CA,2022-2023,202246,2022-11-19,20087,310364,6.47208
CA,2022-2023,202247,2022-11-26,22774,257169,8.85566
CA,2022-2023,202248,2022-12-03,26030,317409,8.20078
CA,2022-2023,202249,2022-12-10,21518,299401,7.18702
CA,2022-2023,202250,2022-12-17,18479,286975,6.43924
CA,2022-2023,202251,2022-12-24,17211,265562,6.48097
CA,2022-2023,202252,2022-12-31,15272,235897,6.47401
CA,2022-2023,202301,2023-01-07,13217,246138,5.36975
CA,2022-2023,202302,2023-01-14,10907,282319,3.86336
CA,2022-2023,202303,2023-01-21,8614,261539,3.29358
CA,2022-2023,202304,2023-01-28,9287,289587,3.20698
CA,2022-2023,202305,2023-02-04,10071,294040,3.42504
CA,2022-2023,202306,2023-02-11,10583,297899,3.55255
CA,2022-2023,202307,2023-02-18,10451,288621,3.62101
CA,2022-2023,202308,2023-02-25,10049,258417,3.88868
CA,2022-2023,202309,2023-03-04,10152,287181,3.53505
CA,2022-2023,202310,2023-03-11,9846,287175,3.42857
CA,2022-2023,202311,2023-03-18,9390,284626,3.29907
CA,2022-2023,202312,2023-03-25,9337,283809,3.28989
CA,2022-2023,202313,2023-04-01,9267,276508,3.35144
CA,2022-2023,202314,2023-04-08,8525,267558,3.18623
CA,2022-2023,202315,2023-04-15,8204,271461,3.02217
CA,2022-2023,202316,2023-04-22,7882,274733,2.86897
CA,2022-2023,202317,2023-04-29,7566,283898,2.66504
CA,2022-2023,202318,2023-05-06,7901,281054,2.8112
CA,2022-2023,202319,2023-05-13,8167,284521,2.87044
CA,2022-2023,202320,2023-05-20,8073,286036,2.82237
FL,2021-2022,202140,2021-10-09,6106,228326,2.67425
FL,2021-2022,202141,2021-10-16,6223,228643,2.72171
FL,2021-2022,202142,2021-10-23,6395,227289,2.8136
FL,2021-2022,202143,2021-10-30,6495,225509,2.88015
FL,2021-2022,202144,2021-11-06,7710,229115,3.36512
FL,2021-2022,202145,2021-11-13,7877,229848,3.42705
FL,2021-2022,202146,2021-11-20,8244,233826,3.5257
FL,2021-2022,202147,2021-11-27,7471,215442,3.46775
FL,2021-2022,202148,2021-12-04,8008,236641,3.38403
FL,2021-2022,202149,2021-12-11,8541,243137,3.51283
FL,2021-2022,202150,2021-12-18,10798,251561,4.2924
FL,2021-2022,202151,2021-12-25,14231,250805,5.67413
FL,2021-2022,202152,2022-01-01,20459,303184,6.74805
FL,2021-2022,202201,2022-01-08,17674,293661,6.0185
FL,2021-2022,202202,2022-01-15,11746,258500,4.54391
FL,2021-2022,202203,2022-01-22,8155,233646,3.49032
FL,2021-2022,202204,2022-01-29,5922,218992,2.70421
FL,2021-2022,202205,2022-02-05,5104,218240,2.33871
FL,2021-2022,202206,2022-02-12,4486,219161,2.0469
FL,2021-2022,202207,2022-02-19,4475,220943,2.02541
FL,2021-2022,202208,2022-02-26,4550,225595,2.01689
FL,2021-2022,202209,2022-03-05,4289,223442,1.91951
FL,2021-2022,202210,2022-03-12,4253,222749,1.90932
FL,2021-2022,202211,2022-03-19,4604,224183,2.05368
FL,2021-2022,202212,2022-03-26,4648,230077,2.02019
FL,2021-2022,202213,2022-04-02,4945,232216,2.12948
FL,2021-2022,202214,2022-04-09,5479,233767,2.34379
FL,2021-2022,202215,2022-04-16,6863,237088,2.89471
FL,2021-2022,202216,2022-04-23,7654,241837,3.16494
FL,2021-2022,202217,2022-04-30,8240,245444,3.35718
FL,2021-2022,202218,2022-05-07,9574,247098,3.87458
FL,2021-2022,202219,2022-05-14,12238,256351,4.77392
FL,2021-2022,202220,2022-05-21,14478,263151,5.50178
FL,2021-2022,202221,2022-05-28,17313,267601,6.46971
FL,2021-2022,202222,2022-06-04,17372,261636,6.63976
FL,2021-2022,202223,2022-06-11,14194,256516,5.53338
FL,2021-2022,202224,2022-06-18,12108,253192,4.78214
FL,2021-2022,202225,2022-06-25,10253,246513,4.15921
FL,2021-2022,202226,2022-07-02,8841,240964,3.66901
FL,2021-2022,202227,2022-07-09,8568,245638,3.48806
FL,2021-2022,202228,2022-07-16,8096,245053,3.30378
FL,2021-2022,202229,2022-07-23,7833,240835,3.25243
FL,2021-2022,202230,2022-07-30,7520,242199,3.10488
FL,2021-2022,202231,2022-08-06,6370,237820,2.6785
FL,2021-2022,202232,2022-08-13,5884,233832,2.51634
FL,2021-2022,202233,2022-08-20,6292,237892,2.6449
FL,2021-2022,202234,2022-08-27,7530,245020,3.07322
FL,2021-2022,202235,2022-09-03,8019,248516,3.22675
FL,2021-2022,202236,2022-09-10,7841,243267,3.22321
FL,2021-2022,202237,2022-09-17,7355,239773,3.06748
FL,2021-2022,202238,2022-09-24,8039,241307,3.33144
FL,2021-2022,202239,2022-10-01,7288,214487,3.39787
FL,2022-2023,202240,2022-10-08,6946,237460,2.92512
FL,2022-2023,202241,2022-10-15,7097,238144,2.98013
FL,2022-2023,202242,2022-10-22,8762,240656,3.64088
FL,2022-2023,202243,2022-10-29,12160,254019,4.78704
FL,2022-2023,202244,2022-11-05,14390,261378,5.50544
FL,2022-2023,202245,2022-11-12,14928,248008,6.01916
FL,2022-2023,202246,2022-11-19,14127,257405,5.48824
FL,2022-2023,202247,2022-11-26,13872,235235,5.89708
FL,2022-2023,202248,2022-12-03,15284,265831,5.74952
FL,2022-2023,202249,2022-12-10,15359,267704,5.73731
FL,2022-2023,202250,2022-12-17,16677,265451,6.28252
FL,2022-2023,202251,2022-12-24,16102,247394,6.50865
FL,2022-2023,202252,2022-12-31,16271,255524,6.3677
FL,2022-2023,202301,2023-01-07,14582,276919,5.2658
FL,2022-2023,202302,2023-01-14,10502,253838,4.13728
FL,2022-2023,202303,2023-01-21,9817,253264,3.87619
FL,2022-2023,202304,2023-01-28,9525,257492,3.69914
FL,2022-2023,202305,2023-02-04,9701,260713,3.72095
FL,2022-2023,202306,2023-02-11,9537,262276,3.63625
FL,2022-2023,202307,2023-02-18,8970,258554,3.46929
FL,2022-2023,202308,2023-02-25,8831,268550,3.2884
FL,2022-2023,202309,2023-03-04,8502,269813,3.15107
FL,2022-2023,202310,2023-03-11,8331,269619,3.0899200000000002
FL,2022-2023,202311,2023-03-18,7811,255504,3.05709
FL,2022-2023,202312,2023-03-25,7575,259405,2.92014
FL,2022-2023,202313,2023-04-01,7462,261991,2.8481900000000002
FL,2022-2023,202314,2023-04-08,7263,259322,2.80077
FL,2022-2023,202315,2023-04-15,7401,253673,2.91754
FL,2022-2023,202316,2023-04-22,7234,257497,2.80935
FL,2022-2023,202317,2023-04-29,7420,254196,2.91901
FL,2022-2023,202318,2023-05-06,7434,251679,2.95376
FL,2022-2023,202319,2023-05-13,7242,251476,2.8798
FL,2022-2023,202320,2023-05-20,7204,250778,2.87266
IL,2017-2018,201740,2017-10-07,571,48264,1.18308
IL,2017-2018,201741,2017-10-14,583,45846,1.27165
IL,2017-2018,201742,2017-10-21,485,48311,1.00391
IL,2017-2018,201743,2017-10-28,535,47022,1.13777
IL,2017-2018,201744,2017-11-04,549,46259,1.1868
IL,2017-2018,201745,2017-11-11,633,46858,1.35089
IL,2017-2018,201746,2017-11-18,610,47169,1.29322
IL,2017-2018,201747,2017-11-25,545,34958,1.55901
IL,2017-2018,201748,2017-12-02,906,48729,1.85926
IL,2017-2018,201749,2017-12-09,957,47864,1.99942
IL,2017-2018,201750,2017-12-16,1397,46587,2.99869
IL,2017-2018,201751,2017-12-23,1956,46597,4.1977
IL,2017-2018,201752,2017-12-30,2524,39171,6.44354
IL,2017-2018,201801,2018-01-06,2495,42614,5.85488
IL,2017-2018,201802,2018-01-13,2465,47503,5.18915
IL,2017-2018,201803,2018-01-20,2370,45340,5.22717
IL,2017-2018,201804,2018-01-27,2560,50888,5.03066
IL,2017-2018,201805,2018-02-03,2720,46398,5.86232
IL,2017-2018,201806,2018-02-10,2552,45691,5.58535
IL,2017-2018,201807,2018-02-17,2414,48859,4.94075
IL,2017-2018,201808,2018-02-24,1879,46933,4.00358
IL,2017-2018,201809,2018-03-03,1279,46939,2.72481
IL,2017-2018,201810,2018-03-10,1081,46923,2.30377
IL,2017-2018,201811,2018-03-17,1051,45384,2.31579
IL,2017-2018,201812,2018-03-24,958,43290,2.21298
IL,2017-2018,201813,2018-03-31,811,37040,2.18952
IL,2017-2018,201814,2018-04-07,781,44354,1.76083
IL,2017-2018,201815,2018-04-14,695,45005,1.54427
IL,2017-2018,201816,2018-04-21,506,42888,1.17982
IL,2017-2018,201817,2018-04-28,578,45444,1.2719
IL,2017-2018,201818,2018-05-05,445,43161,1.03102
IL,2017-2018,201819,2018-05-12,423,43096,0.98153
IL,2017-2018,201820,2018-05-19,387,42744,0.90539
IL,2017-2018,201821,2018-05-26,366,38464,0.951539
IL,2017-2018,201822,2018-06-02,323,35646,0.906133
IL,2017-2018,201823,2018-06-09,224,34926,0.641356
IL,2017-2018,201824,2018-06-16,209,34579,0.604413
IL,2017-2018,201825,2018-06-23,269,36948,0.72805
IL,2017-2018,201826,2018-06-30,239,37154,0.643269
IL,2017-2018,201827,2018-07-07,241,32637,0.738426
IL,2017-2018,201828,2018-07-14,264,37900,0.69657
IL,2017-2018,201829,2018-07-21,221,37420,0.590593
IL,2017-2018,201830,2018-07-28,164,35777,0.458395
IL,2017-2018,201831,2018-08-04,177,34920,0.506873
IL,2017-2018,201832,2018-08-11,157,35580,0.441259
IL,2017-2018,201833,2018-08-18,172,36147,0.475835
IL,2017-2018,201834,2018-08-25,188,36699,0.512276
IL,2017-2018,201835,2018-09-01,269,37696,0.713604
IL,2017-2018,201836,2018-09-08,263,35501,0.740824
IL,2017-2018,201837,2018-09-15,292,39108,0.74665
IL,2017-2018,201838,2018-09-22,334,39035,0.855642
IL,2017-2018,201839,2018-09-29,272,36592,0.743332
IL,2018-2019,201840,2018-10-06,394,49752,0.791928
IL,2018-2019,201841,2018-10-13,493,49031,1.00549
IL,2018-2019,201842,2018-10-20,518,49846,1.0392
IL,2018-2019,201843,2018-10-27,579,49913,1.16002
IL,2018-2019,201844,2018-11-03,656,50265,1.30508
IL,2018-2019,201845,2018-11-10,632,50231,1.25819
IL,2018-2019,201846,2018-11-17,649,47240,1.37384
IL,2018-2019,201847,2018-11-24,627,40380,1.55275
IL,2018-2019,201848,2018-12-01,732,50693,1.44399
IL,2018-2019,201849,2018-12-08,788,51096,1.5422
IL,2018-2019,201850,2018-12-15,854,50524,1.69029
IL,2018-2019,201851,2018-12-22,987,47120,2.09465
IL,2018-2019,201852,2018-12-29,1339,40167,3.33358
IL,2018-2019,201901,2019-01-05,1262,43073,2.92991
IL,2018-2019,201902,2019-01-12,1019,46688,2.18257
IL,2018-2019,201903,2019-01-19,1057,48735,2.16887
IL,2018-2019,201904,2019-01-26,1046,46658,2.24184
IL,2018-2019,201905,2019-02-02,1089,36950,2.94723
IL,2018-2019,201906,2019-02-09,1198,51337,2.3336
IL,2018-2019,201907,2019-02-16,1326,47549,2.7887
IL,2018-2019,201908,2019-02-23,1601,50618,3.16291
IL,2018-2019,201909,2019-03-02,1557,48986,3.17846
IL,2018-2019,201910,2019-03-09,1650,50013,3.29914
IL,2018-2019,201911,2019-03-16,1907,51993,3.6678
IL,2018-2019,201912,2019-03-23,1458,46705,3.12172
IL,2018-2019,201913,2019-03-30,1255,49561,2.53223
IL,2018-2019,201914,2019-04-06,1062,49511,2.14498
IL,2018-2019,201915,2019-04-13,847,42059,2.01384
IL,2018-2019,201916,2019-04-20,691,45363,1.52327
IL,2018-2019,201917,2019-04-27,562,43180,1.30153
IL,2018-2019,201918,2019-05-04,479,39394,1.21592
IL,2018-2019,201919,2019-05-11,487,45999,1.05872
IL,2018-2019,201920,2019-05-18,445,42446,1.04839
IL,2018-2019,201921,2019-05-25,370,38076,0.971741
IL,2018-2019,201922,2019-06-01,281,30633,0.917311
IL,2018-2019,201923,2019-06-08,243,29955,0.811217
IL,2018-2019,201924,2019-06-15,272,38019,0.715432
IL,2018-2019,201925,2019-06-22,219,38208,0.573178
IL,2018-2019,201926,2019-06-29,238,31379,0.758469
IL,2018-2019,201927,2019-07-06,195,29291,0.665734
IL,2018-2019,201928,2019-07-13,195,33962,0.574171
IL,2018-2019,201929,2019-07-20,197,37936,0.519296
IL,2018-2019,201930,2019-07-27,193,33365,0.57845
IL,2018-2019,201931,2019-08-03,187,32997,0.566718
IL,2018-2019,201932,2019-08-10,191,32774,0.582779
IL,2018-2019,201933,2019-08-17,161,33800,0.476331
IL,2018-2019,201934,2019-08-24,150,32899,0.455941
IL,2018-2019,201935,2019-08-31,192,37652,0.509933
IL,2018-2019,201936,2019-09-07,243,31236,0.777949
IL,2018-2019,201937,2019-09-14,360,34781,1.03505
IL,2018-2019,201938,2019-09-21,331,41104,0.805274
IL,2018-2019,201939,2019-09-28,334,31589,1.05733
IL,2019-2020,201940,2019-10-05,1153,81556,1.41375
IL,2019-2020,201941,2019-10-12,1153,70597,1.63321
IL,2019-2020,201942,2019-10-19,1340,76835,1.744
IL,2019-2020,201943,2019-10-26,1658,87145,1.90258
IL,2019-2020,201944,2019-11-02,1523,83553,1.8228
IL,2019-2020,201945,2019-11-09,1579,84837,1.86122
IL,2019-2020,201946,2019-11-16,1649,82080,2.00902
IL,2019-2020,201947,2019-11-23,1784,84335,2.11537
IL,2019-2020,201948,2019-11-30,1984,77655,2.55489
IL,2019-2020,201949,2019-12-07,2279,87830,2.59479
IL,2019-2020,201950,2019-12-14,2582,81354,3.17378
IL,2019-2020,201951,2019-12-21,3135,82197,3.81401
IL,2019-2020,201952,2019-12-28,4725,81133,5.82377
IL,2019-2020,202001,2020-01-04,4364,86695,5.03374
IL,2019-2020,202002,2020-01-11,3672,84886,4.3258
IL,2019-2020,202003,2020-01-18,3804,84243,4.51551
IL,2019-2020,202004,2020-01-25,4839,87708,5.51717
IL,2019-2020,202005,2020-02-01,6344,94387,6.72126
IL,2019-2020,202006,2020-02-08,6839,92394,7.402
IL,2019-2020,202007,2020-02-15,5913,89072,6.63845
IL,2019-2020,202008,2020-02-22,5545,89046,6.22712
IL,2019-2020,202009,2020-02-29,4897,88165,5.55436
IL,2019-2020,202010,2020-03-07,4936,89574,5.51053
IL,2019-2020,202011,2020-03-14,5288,85170,6.20876
IL,2019-2020,202012,2020-03-21,4682,66023,7.09147
IL,2019-2020,202013,2020-03-28,2623,51420,5.10113
IL,2019-2020,202014,2020-04-04,1704,42428,4.01622
IL,2019-2020,202015,2020-04-11,1286,44856,2.86695
IL,2019-2020,202016,2020-04-18,1076,44848,2.39922
IL,2019-2020,202017,2020-04-25,991,48846,2.02883
IL,2019-2020,202018,2020-05-02,893,50198,1.77896
IL,2019-2020,202019,2020-05-09,714,48954,1.45851
IL,2019-2020,202020,2020-05-16,626,52461,1.19327
IL,2019-2020,202021,2020-05-23,523,54453,0.960461
IL,2019-2020,202022,2020-05-30,455,58211,0.781639
IL,2019-2020,202023,2020-06-06,373,57849,0.644782
IL,2019-2020,202024,2020-06-13,304,57182,0.531636
IL,2019-2020,202025,2020-06-20,250,63849,0.391549
IL,2019-2020,202026,2020-06-27,371,58199,0.637468
IL,2019-2020,202027,2020-07-04,365,57804,0.631444
IL,2019-2020,202028,2020-07-11,452,61909,0.730104
IL,2019-2020,202029,2020-07-18,436,60659,0.718772
IL,2019-2020,202030,2020-07-25,477,60465,0.788886
IL,2019-2020,202031,2020-08-01,554,62900,0.880763
IL,2019-2020,202032,2020-08-08,600,60802,0.98681
IL,2019-2020,202033,2020-08-15,453,59668,0.759201
IL,2019-2020,202034,2020-08-22,556,62939,0.883395
IL,2019-2020,202035,2020-08-29,492,64126,0.767239
IL,2019-2020,202036,2020-09-05,424,62105,0.682715
IL,2019-2020,202037,2020-09-12,386,59256,0.651411
IL,2019-2020,202038,2020-09-19,404,62592,0.64545
IL,2019-2020,202039,2020-09-26,491,67708,0.725173
IL,2020-2021,202040,2020-10-03,590,71623,0.823758
IL,2020-2021,202041,2020-10-10,739,75106,0.983943
IL,2020-2021,202042,2020-10-17,641,74348,0.862162
IL,2020-2021,202043,2020-10-24,739,73027,1.01195
IL,2020-2021,202044,2020-10-31,874,71832,1.21673
IL,2020-2021,202045,2020-11-07,1138,76572,1.48618
IL,2020-2021,202046,2020-11-14,1122,77752,1.44305
IL,2020-2021,202047,2020-11-21,1003,71861,1.39575
IL,2020-2021,202048,2020-11-28,772,62437,1.23645
IL,2020-2021,202049,2020-12-05,689,68675,1.00328
IL,2020-2021,202050,2020-12-12,663,67164,0.987136
IL,2020-2021,202051,2020-12-19,577,63980,0.901844
IL,2020-2021,202052,2020-12-26,470,57354,0.819472
IL,2020-2021,202053,2021-01-02,533,59625,0.89392
IL,2020-2021,202101,2021-01-09,543,67417,0.805435
IL,2020-2021,202102,2021-01-16,501,65692,0.76265
IL,2020-2021,202103,2021-01-23,457,64417,0.70944
IL,2020-2021,202104,2021-01-30,420,64586,0.650296
IL,2020-2021,202105,2021-02-06,425,66006,0.643881
IL,2020-2021,202106,2021-02-13,309,63361,0.487682
IL,2020-2021,202107,2021-02-20,276,59562,0.463383
IL,2020-2021,202108,2021-02-27,325,69469,0.467835
IL,2020-2021,202109,2021-03-06,293,66788,0.438702
IL,2020-2021,202110,2021-03-13,310,68888,0.450006
IL,2020-2021,202111,2021-03-20,321,67194,0.477721
IL,2020-2021,202112,2021-03-27,411,71646,0.573654
IL,2020-2021,202113,2021-04-03,409,70924,0.576674
IL,2020-2021,202114,2021-04-10,571,76786,0.743625
IL,2020-2021,202115,2021-04-17,502,77651,0.646482
IL,2020-2021,202116,2021-04-24,557,69734,0.79875
IL,2020-2021,202117,2021-05-01,549,72706,0.755096
IL,2020-2021,202118,2021-05-08,485,72041,0.673228
IL,2020-2021,202119,2021-05-15,557,67971,0.819467
IL,2020-2021,202120,2021-05-22,541,70315,0.769395
IL,2020-2021,202121,2021-05-29,468,66521,0.703537
IL,2020-2021,202122,2021-06-05,548,66350,0.825923
IL,2020-2021,202123,2021-06-12,561,70781,0.792586
IL,2020-2021,202124,2021-06-19,523,70591,0.740888
IL,2020-2021,202125,2021-06-26,564,68933,0.818186
IL,2020-2021,202126,2021-07-03,557,69906,0.796784
IL,2020-2021,202127,2021-07-10,604,66783,0.904422
IL,2020-2021,202128,2021-07-17,670,71406,0.938297
IL,2020-2021,202129,2021-07-24,716,72571,0.98662
IL,2020-2021,202130,2021-07-31,805,73969,1.08829
IL,2020-2021,202131,2021-08-07,863,73874,1.16821
IL,2020-2021,202132,2021-08-14,887,74739,1.1868
IL,2020-2021,202133,2021-08-21,958,75922,1.26182
IL,2020-2021,202134,2021-08-28,999,77945,1.28167
IL,2020-2021,202135,2021-09-04,1066,78242,1.36244
IL,2020-2021,202136,2021-09-11,1091,77296,1.41146
IL,2020-2021,202137,2021-09-18,1053,79128,1.33076
IL,2020-2021,202138,2021-09-25,936,75272,1.24349
IL,2020-2021,202139,2021-10-02,937,73745,1.27059
IL,2021-2022,202140,2021-10-09,815,83223,0.979297
IL,2021-2022,202141,2021-10-16,797,79363,1.00425
IL,2021-2022,202142,2021-10-23,843,81055,1.04003
IL,2021-2022,202143,2021-10-30,840,78213,1.07399
IL,2021-2022,202144,2021-11-06,892,78472,1.13671
IL,2021-2022,202145,2021-11-13,959,79086,1.2126
IL,2021-2022,202146,2021-11-20,1094,76021,1.43908
IL,2021-2022,202147,2021-11-27,1169,66518,1.75742
IL,2021-2022,202148,2021-12-04,1487,85058,1.74822
IL,2021-2022,202149,2021-12-11,1580,78221,2.01992
IL,2021-2022,202150,2021-12-18,1728,76033,2.2727
IL,2021-2022,202151,2021-12-25,2303,74834,3.07748
IL,2021-2022,202152,2022-01-01,2929,85212,3.43731
IL,2021-2022,202201,2022-01-08,2692,77490,3.474
IL,2021-2022,202202,2022-01-15,1772,75128,2.35864
IL,2021-2022,202203,2022-01-22,1287,67778,1.89885
IL,2021-2022,202204,2022-01-29,950,64465,1.47367
IL,2021-2022,202205,2022-02-05,635,57548,1.10343
IL,2021-2022,202206,2022-02-12,674,69155,0.974622
IL,2021-2022,202207,2022-02-19,768,67262,1.1418
IL,2021-2022,202208,2022-02-26,918,67080,1.36852
IL,2021-2022,202209,2022-03-05,1033,72929,1.41645
IL,2021-2022,202210,2022-03-12,1186,71868,1.65025
IL,2021-2022,202211,2022-03-19,1405,74334,1.89012
IL,2021-2022,202212,2022-03-26,1498,74041,2.0232
IL,2021-2022,202213,2022-04-02,1581,71016,2.22626
IL,2021-2022,202214,2022-04-09,1654,73873,2.23898
IL,2021-2022,202215,2022-04-16,1799,73443,2.44952
IL,2021-2022,202216,2022-04-23,1881,74034,2.54072
IL,2021-2022,202217,2022-04-30,1908,77024,2.47715
IL,2021-2022,202218,2022-05-07,1845,77501,2.38061
IL,2021-2022,202219,2022-05-14,1983,80846,2.45281
IL,2021-2022,202220,2022-05-21,1753,80079,2.18909
IL,2021-2022,202221,2022-05-28,1580,71159,2.22038
IL,2021-2022,202222,2022-06-04,1572,71648,2.19406
IL,2021-2022,202223,2022-06-11,1316,70055,1.87852
IL,2021-2022,202224,2022-06-18,1098,70015,1.56824
IL,2021-2022,202225,2022-06-25,1009,70202,1.43728
IL,2021-2022,202226,2022-07-02,991,67920,1.45907
IL,2021-2022,202227,2022-07-09,1006,68591,1.46666
IL,2021-2022,202228,2022-07-16,1034,70899,1.45841
IL,2021-2022,202229,2022-07-23,1107,70737,1.56495
IL,2021-2022,202230,2022-07-30,1058,70264,1.50575
IL,2021-2022,202231,2022-08-06,1063,68611,1.54931
IL,2021-2022,202232,2022-08-13,1066,69665,1.53018
IL,2021-2022,202233,2022-08-20,974,67705,1.43859
IL,2021-2022,202234,2022-08-27,1290,73775,1.74856
IL,2021-2022,202235,2022-09-03,1502,74441,2.01771
IL,2021-2022,202236,2022-09-10,1575,75899,2.07513
IL,2021-2022,202237,2022-09-17,1385,75051,1.84541
IL,2021-2022,202238,2022-09-24,1442,73192,1.97016
IL,2021-2022,202239,2022-10-01,1560,77323,2.01751
IL,2022-2023,202240,2022-10-08,1759,69164,2.54323
IL,2022-2023,202241,2022-10-15,2090,77348,2.70207
IL,2022-2023,202242,2022-10-22,2422,79863,3.03269
IL,2022-2023,202243,2022-10-29,2846,82167,3.46368
IL,2022-2023,202244,2022-11-05,3459,82535,4.19095
IL,2022-2023,202245,2022-11-12,3770,87471,4.31
IL,2022-2023,202246,2022-11-19,3802,78460,4.84578
IL,2022-2023,202247,2022-11-26,5021,76504,6.56306
IL,2022-2023,202248,2022-12-03,5396,85652,6.29991
IL,2022-2023,202249,2022-12-10,4861,82645,5.88178
IL,2022-2023,202250,2022-12-17,4377,71339,6.13549
IL,2022-2023,202251,2022-12-24,3126,63003,4.96167
IL,2022-2023,202252,2022-12-31,2520,66524,3.78811
IL,2022-2023,202301,2023-01-07,1830,69697,2.62565
IL,2022-2023,202302,2023-01-14,1440,68763,2.09415
IL,2022-2023,202303,2023-01-21,1307,68954,1.89547
IL,2022-2023,202304,2023-01-28,1363,68288,1.99596
IL,2022-2023,202305,2023-02-04,1388,68030,2.04028
IL,2022-2023,202306,2023-02-11,1551,73123,2.12108
IL,2022-2023,202307,2023-02-18,1632,71596,2.27946
IL,2022-2023,202308,2023-02-25,1735,73112,2.37307
IL,2022-2023,202309,2023-03-04,1731,74403,2.32652
IL,2022-2023,202310,2023-03-11,1695,72658,2.33285
IL,2022-2023,202311,2023-03-18,1714,72782,2.35498
IL,2022-2023,202312,2023-03-25,1689,73965,2.28351
IL,2022-2023,202313,2023-04-01,1425,72476,1.96617
IL,2022-2023,202314,2023-04-08,1252,72127,1.73583
IL,2022-2023,202315,2023-04-15,1112,72048,1.54342
IL,2022-2023,202316,2023-04-22,1047,72389,1.44635
IL,2022-2023,202317,2023-04-29,937,69330,1.35151
IL,2022-2023,202318,2023-05-06,944,74394,1.26892
IL,2022-2023,202319,2023-05-13,827,73277,1.12859
IL,2022-2023,202320,2023-05-20,174,17127,1.01594
MA,2017-2018,201740,2017-10-07,186,27326,0.68067
MA,2017-2018,201741,2017-10-14,296,33195,0.891701
MA,2017-2018,201742,2017-10-21,279,34533,0.807923
MA,2017-2018,201743,2017-10-28,337,35064,0.9611
MA,2017-2018,201744,2017-11-04,338,33940,0.995875
MA,2017-2018,201745,2017-11-11,441,36517,1.20766
MA,2017-2018,201746,2017-11-18,472,37033,1.27454
MA,2017-2018,201747,2017-11-25,455,27381,1.66174
MA,2017-2018,201748,2017-12-02,504,36208,1.39196
MA,2017-2018,201749,2017-12-09,555,36645,1.51453
MA,2017-2018,201750,2017-12-16,639,37084,1.72312
MA,2017-2018,201751,2017-12-23,719,34148,2.10554
MA,2017-2018,201752,2017-12-30,796,25554,3.11497
MA,2017-2018,201801,2018-01-06,721,25132,2.86885
MA,2017-2018,201802,2018-01-13,819,35712,2.2933500000000002
MA,2017-2018,201803,2018-01-20,1066,33669,3.16612
MA,2017-2018,201804,2018-01-27,1480,37988,3.89597
MA,2017-2018,201805,2018-02-03,1992,36294,5.48851
MA,2017-2018,201806,2018-02-10,2069,38157,5.42233
MA,2017-2018,201807,2018-02-17,1986,39181,5.06878
MA,2017-2018,201808,2018-02-24,1532,33203,4.61404
MA,2017-2018,201809,2018-03-03,1040,34625,3.00361
MA,2017-2018,201810,2018-03-10,765,31894,2.39857
MA,2017-2018,201811,2018-03-17,669,28839,2.31978
MA,2017-2018,201812,2018-03-24,589,33600,1.75298
MA,2017-2018,201813,2018-03-31,636,34908,1.82193
MA,2017-2018,201814,2018-04-07,678,35190,1.92668
MA,2017-2018,201815,2018-04-14,685,37124,1.84517
MA,2017-2018,201816,2018-04-21,500,30204,1.65541
MA,2017-2018,201817,2018-04-28,459,35287,1.30076
MA,2017-2018,201818,2018-05-05,418,34576,1.20893
MA,2017-2018,201819,2018-05-12,366,34708,1.05451
MA,2017-2018,201820,2018-05-19,339,33369,1.01591
MA,2017-2018,201821,2018-05-26,337,31442,1.07181
MA,2017-2018,201822,2018-06-02,248,27624,0.89777
MA,2017-2018,201823,2018-06-09,193,28156,0.685467
MA,2017-2018,201824,2018-06-16,185,28425,0.650836
MA,2017-2018,201825,2018-06-23,178,25591,0.695557
MA,2017-2018,201826,2018-06-30,192,26687,0.719451
MA,2017-2018,201827,2018-07-07,159,22604,0.703415
MA,2017-2018,201828,2018-07-14,241,30018,0.802852
MA,2017-2018,201829,2018-07-21,193,29372,0.657088
MA,2017-2018,201830,2018-07-28,198,29665,0.667453
MA,2017-2018,201831,2018-08-04,165,29251,0.564083
MA,2017-2018,201832,2018-08-11,191,29137,0.655524
MA,2017-2018,201833,2018-08-18,205,29745,0.689191
MA,2017-2018,201834,2018-08-25,203,28563,0.71071
MA,2017-2018,201835,2018-09-01,191,26608,0.717829
MA,2017-2018,201836,2018-09-08,238,27604,0.862194
MA,2017-2018,201837,2018-09-15,288,31230,0.92219
MA,2017-2018,201838,2018-09-22,321,31809,1.00915
MA,2017-2018,201839,2018-09-29,318,30387,1.0465
MA,2018-2019,201840,2018-10-06,505,50115,1.00768
MA,2018-2019,201841,2018-10-13,583,50048,1.16488
MA,2018-2019,201842,2018-10-20,605,47524,1.27304
MA,2018-2019,201843,2018-10-27,550,48101,1.14343
MA,2018-2019,201844,2018-11-03,565,50500,1.11881
MA,2018-2019,201845,2018-11-10,599,49345,1.2139
MA,2018-2019,201846,2018-11-17,577,48459,1.1907
MA,2018-2019,201847,2018-11-24,644,39499,1.63042
MA,2018-2019,201848,2018-12-01,716,51476,1.39094
MA,2018-2019,201849,2018-12-08,762,50580,1.50652
MA,2018-2019,201850,2018-12-15,867,51321,1.68937
MA,2018-2019,201851,2018-12-22,1089,48138,2.26225
MA,2018-2019,201852,2018-12-29,1361,41037,3.31652
MA,2018-2019,201901,2019-01-05,1461,45633,3.20163
MA,2018-2019,201902,2019-01-12,1463,50391,2.9033
MA,2018-2019,201903,2019-01-19,1540,50780,3.03269
MA,2018-2019,201904,2019-01-26,1505,47575,3.16343
MA,2018-2019,201905,2019-02-02,1568,48947,3.20346
MA,2018-2019,201906,2019-02-09,1836,52774,3.47899
MA,2018-2019,201907,2019-02-16,1409,48122,2.92797
MA,2018-2019,201908,2019-02-23,1450,45189,3.20875
MA,2018-2019,201909,2019-03-02,1239,50721,2.44278
MA,2018-2019,201910,2019-03-09,1109,47639,2.32792
MA,2018-2019,201911,2019-03-16,1201,49999,2.40205
MA,2018-2019,201912,2019-03-23,1125,50253,2.23867
MA,2018-2019,201913,2019-03-30,1237,52034,2.37729
MA,2018-2019,201914,2019-04-06,1202,52008,2.31118
MA,2018-2019,201915,2019-04-13,1146,52522,2.18194
MA,2018-2019,201916,2019-04-20,888,46350,1.91586
MA,2018-2019,201917,2019-04-27,700,49902,1.40275
MA,2018-2019,201918,2019-05-04,653,49362,1.32288
MA,2018-2019,201919,2019-05-11,550,49135,1.11937
MA,2018-2019,201920,2019-05-18,599,48412,1.2373
MA,2018-2019,201921,2019-05-25,556,50599,1.09884
MA,2018-2019,201922,2019-06-01,439,32679,1.34337
MA,2018-2019,201923,2019-06-08,466,46351,1.00537
MA,2018-2019,201924,2019-06-15,394,45919,0.858033
MA,2018-2019,201925,2019-06-22,381,46135,0.825837
MA,2018-2019,201926,2019-06-29,382,45514,0.839302
MA,2018-2019,201927,2019-07-06,308,39793,0.774005
MA,2018-2019,201928,2019-07-13,293,46052,0.636237
MA,2018-2019,201929,2019-07-20,297,44231,0.671475
MA,2018-2019,201930,2019-07-27,257,44053,0.583388
MA,2018-2019,201931,2019-08-03,256,44249,0.578544
MA,2018-2019,201932,2019-08-10,276,43949,0.628001
MA,2018-2019,201933,2019-08-17,230,43418,0.529734
MA,2018-2019,201934,2019-08-24,258,43456,0.593704
MA,2018-2019,201935,2019-08-31,312,44287,0.704496
MA,2018-2019,201936,2019-09-07,326,41654,0.782638
MA,2018-2019,201937,2019-09-14,380,46543,0.816449
MA,2018-2019,201938,2019-09-21,433,47609,0.909492
MA,2018-2019,201939,2019-09-28,483,48604,0.993745
MA,2019-2020,201940,2019-10-05,555,59398,0.934375
MA,2019-2020,201941,2019-10-12,599,58916,1.0167
MA,2019-2020,201942,2019-10-19,632,59958,1.05407
MA,2019-2020,201943,2019-10-26,611,61731,0.989778
MA,2019-2020,201944,2019-11-02,648,60740,1.06684
MA,2019-2020,201945,2019-11-09,754,61668,1.22268
MA,2019-2020,201946,2019-11-16,868,59278,1.46429
MA,2019-2020,201947,2019-11-23,879,61152,1.4374
MA,2019-2020,201948,2019-11-30,961,50212,1.91389
MA,2019-2020,201949,2019-12-07,1086,57718,1.88156
MA,2019-2020,201950,2019-12-14,1099,61698,1.78126
MA,2019-2020,201951,2019-12-21,1371,58290,2.35203
MA,2019-2020,201952,2019-12-28,1819,50809,3.58007
MA,2019-2020,202001,2020-01-04,2189,55796,3.92322
MA,2019-2020,202002,2020-01-11,2142,63610,3.3674
MA,2019-2020,202003,2020-01-18,2590,62349,4.15404
MA,2019-2020,202004,2020-01-25,3062,60990,5.0205
MA,2019-2020,202005,2020-02-01,3746,67541,5.54626
MA,2019-2020,202006,2020-02-08,4087,65220,6.26648
MA,2019-2020,202007,2020-02-15,3338,63433,5.26225
MA,2019-2020,202008,2020-02-22,2680,56496,4.7437
MA,2019-2020,202009,2020-02-29,2262,62526,3.6177
MA,2019-2020,202010,2020-03-07,2092,59253,3.53062
MA,2019-2020,202011,2020-03-14,2461,53516,4.59862
MA,2019-2020,202012,2020-03-21,2123,32098,6.61412
MA,2019-2020,202013,2020-03-28,1429,26059,5.48371
MA,2019-2020,202014,2020-04-04,1225,23771,5.15334
MA,2019-2020,202015,2020-04-11,1017,23660,4.29839
MA,2019-2020,202016,2020-04-18,874,23493,3.72026
MA,2019-2020,202017,2020-04-25,731,25158,2.90564
MA,2019-2020,202018,2020-05-02,639,26496,2.41168
MA,2019-2020,202019,2020-05-09,525,27313,1.92216
MA,2019-2020,202020,2020-05-16,486,28110,1.72892
MA,2019-2020,202021,2020-05-23,377,29376,1.28336
MA,2019-2020,202022,2020-05-30,299,29868,1.00107
MA,2019-2020,202023,2020-06-06,312,32128,0.971116
MA,2019-2020,202024,2020-06-13,262,31709,0.826264
MA,2019-2020,202025,2020-06-20,231,32739,0.705581
MA,2019-2020,202026,2020-06-27,255,35078,0.726951
MA,2019-2020,202027,2020-07-04,210,34622,0.606551
MA,2019-2020,202028,2020-07-11,243,38766,0.626838
MA,2019-2020,202029,2020-07-18,246,39712,0.61946
MA,2019-2020,202030,2020-07-25,221,39665,0.557166
MA,2019-2020,202031,2020-08-01,267,41044,0.650521
MA,2019-2020,202032,2020-08-08,272,41221,0.659858
MA,2019-2020,202033,2020-08-15,317,40775,0.777437
MA,2019-2020,202034,2020-08-22,312,41087,0.759364
MA,2019-2020,202035,2020-08-29,287,41184,0.696873
MA,2019-2020,202036,2020-09-05,284,41071,0.691485
MA,2019-2020,202037,2020-09-12,289,39808,0.725985
MA,2019-2020,202038,2020-09-19,292,41041,0.711484
MA,2019-2020,202039,2020-09-26,295,41240,0.715325
MA,2020-2021,202040,2020-10-03,470,71001,0.661963
MA,2020-2021,202041,2020-10-10,528,71366,0.739848
MA,2020-2021,202042,2020-10-17,414,68042,0.608448
MA,2020-2021,202043,2020-10-24,450,67223,0.669414
MA,2020-2021,202044,2020-10-31,450,57035,0.788989
MA,2020-2021,202045,2020-11-07,547,57240,0.955625
MA,2020-2021,202046,2020-11-14,584,60277,0.96886
MA,2020-2021,202047,2020-11-21,562,57671,0.974493
MA,2020-2021,202048,2020-11-28,600,50934,1.178
MA,2020-2021,202049,2020-12-05,641,58423,1.09717
MA,2020-2021,202050,2020-12-12,590,56613,1.04216
MA,2020-2021,202051,2020-12-19,548,52038,1.05308
MA,2020-2021,202052,2020-12-26,552,50273,1.098
MA,2020-2021,202053,2021-01-02,571,52298,1.09182
MA,2020-2021,202101,2021-01-09,563,56810,0.991023
MA,2020-2021,202102,2021-01-16,421,54494,0.772562
MA,2020-2021,202103,2021-01-23,400,53183,0.75212
MA,2020-2021,202104,2021-01-30,398,53458,0.74451
MA,2020-2021,202105,2021-02-06,298,52749,0.56494
MA,2020-2021,202106,2021-02-13,280,53245,0.525871
MA,2020-2021,202107,2021-02-20,262,51372,0.510005
MA,2020-2021,202108,2021-02-27,264,57360,0.460251
MA,2020-2021,202109,2021-03-06,283,56166,0.503864
MA,2020-2021,202110,2021-03-13,314,57448,0.546581
MA,2020-2021,202111,2021-03-20,307,57679,0.532256
MA,2020-2021,202112,2021-03-27,330,61072,0.540346
MA,2020-2021,202113,2021-04-03,365,59727,0.611114
MA,2020-2021,202114,2021-04-10,398,62787,0.633889
MA,2020-2021,202115,2021-04-17,348,63928,0.544362
MA,2020-2021,202116,2021-04-24,318,60622,0.524562
MA,2020-2021,202117,2021-05-01,328,64205,0.510864
MA,2020-2021,202118,2021-05-08,345,64233,0.537107
MA,2020-2021,202119,2021-05-15,384,65002,0.590751
MA,2020-2021,202120,2021-05-22,411,68051,0.603959
MA,2020-2021,202121,2021-05-29,393,66842,0.587954
MA,2020-2021,202122,2021-06-05,462,64537,0.715868
MA,2020-2021,202123,2021-06-12,491,70615,0.69532
MA,2020-2021,202124,2021-06-19,546,70125,0.77861
MA,2020-2021,202125,2021-06-26,552,69529,0.793913
MA,2020-2021,202126,2021-07-03,503,69549,0.723231
MA,2020-2021,202127,2021-07-10,570,66648,0.855239
MA,2020-2021,202128,2021-07-17,566,71927,0.786909
MA,2020-2021,202129,2021-07-24,625,73441,0.851023
MA,2020-2021,202130,2021-07-31,728,73775,0.986784
MA,2020-2021,202131,2021-08-07,759,72788,1.04275
MA,2020-2021,202132,2021-08-14,771,74239,1.03854
MA,2020-2021,202133,2021-08-21,751,72879,1.03048
MA,2020-2021,202134,2021-08-28,727,71783,1.01277
MA,2020-2021,202135,2021-09-04,742,72450,1.02415
MA,2020-2021,202136,2021-09-11,889,72016,1.23445
MA,2020-2021,202137,2021-09-18,889,75955,1.17043
MA,2020-2021,202138,2021-09-25,973,75514,1.2885
MA,2020-2021,202139,2021-10-02,1011,74231,1.36196
MA,2021-2022,202140,2021-10-09,955,75296,1.26833
MA,2021-2022,202141,2021-10-16,912,75295,1.21124
MA,2021-2022,202142,2021-10-23,836,74809,1.11751
MA,2021-2022,202143,2021-10-30,769,70897,1.08467
MA,2021-2022,202144,2021-11-06,875,72800,1.20192
MA,2021-2022,202145,2021-11-13,1028,72349,1.42089
MA,2021-2022,202146,2021-11-20,1150,73420,1.56633
MA,2021-2022,202147,2021-11-27,1258,62714,2.00593
MA,2021-2022,202148,2021-12-04,1898,74763,2.53869
MA,2021-2022,202149,2021-12-11,2079,72517,2.86691
MA,2021-2022,202150,2021-12-18,2050,72813,2.81543
MA,2021-2022,202151,2021-12-25,2230,64371,3.46429
MA,2021-2022,202152,2022-01-01,3150,71697,4.39349
MA,2021-2022,202201,2022-01-08,2318,72518,3.19645
MA,2021-2022,202202,2022-01-15,1238,63542,1.94832
MA,2021-2022,202203,2022-01-22,717,59611,1.2028
MA,2021-2022,202204,2022-01-29,472,56605,0.833849
MA,2021-2022,202205,2022-02-05,420,56652,0.741368
MA,2021-2022,202206,2022-02-12,332,62804,0.528629
MA,2021-2022,202207,2022-02-19,310,61765,0.501902
MA,2021-2022,202208,2022-02-26,354,55847,0.633875
MA,2021-2022,202209,2022-03-05,409,65243,0.626887
MA,2021-2022,202210,2022-03-12,658,64965,1.01285
MA,2021-2022,202211,2022-03-19,804,66910,1.20161
MA,2021-2022,202212,2022-03-26,1069,69349,1.54148
MA,2021-2022,202213,2022-04-02,1492,70425,2.11857
MA,2021-2022,202214,2022-04-09,2044,72193,2.8313
MA,2021-2022,202215,2022-04-16,2493,72677,3.43025
MA,2021-2022,202216,2022-04-23,2192,66361,3.30314
MA,2021-2022,202217,2022-04-30,2065,73176,2.82196
MA,2021-2022,202218,2022-05-07,2406,73974,3.25249
MA,2021-2022,202219,2022-05-14,2561,76066,3.36681
MA,2021-2022,202220,2022-05-21,1911,72976,2.61867
MA,2021-2022,202221,2022-05-28,1445,70557,2.04799
MA,2021-2022,202222,2022-06-04,1073,66354,1.61708
MA,2021-2022,202223,2022-06-11,930,69482,1.33848
MA,2021-2022,202224,2022-06-18,841,69934,1.20256
MA,2021-2022,202225,2022-06-25,731,68235,1.0713
MA,2021-2022,202226,2022-07-02,695,69473,1.00039
MA,2021-2022,202227,2022-07-09,659,67159,0.981253
MA,2021-2022,202228,2022-07-16,523,69571,0.75175
MA,2021-2022,202229,2022-07-23,559,68657,0.814192
MA,2021-2022,202230,2022-07-30,565,69729,0.81028
MA,2021-2022,202231,2022-08-06,536,69481,0.771434
MA,2021-2022,202232,2022-08-13,554,69166,0.800972
MA,2021-2022,202233,2022-08-20,544,66635,0.816388
MA,2021-2022,202234,2022-08-27,559,68230,0.819288
MA,2021-2022,202235,2022-09-03,521,67750,0.769004
MA,2021-2022,202236,2022-09-10,611,66832,0.914233
MA,2021-2022,202237,2022-09-17,828,73290,1.12976
MA,2021-2022,202238,2022-09-24,1016,82424,1.23265
MA,2021-2022,202239,2022-10-01,1113,80018,1.39094
MA,2022-2023,202240,2022-10-08,1269,80301,1.5803
MA,2022-2023,202241,2022-10-15,1412,81774,1.72671
MA,2022-2023,202242,2022-10-22,1402,83069,1.68775
MA,2022-2023,202243,2022-10-29,1732,83545,2.07313
MA,2022-2023,202244,2022-11-05,2260,85484,2.64377
MA,2022-2023,202245,2022-11-12,2256,85064,2.65212
MA,2022-2023,202246,2022-11-19,2254,81357,2.77051
MA,2022-2023,202247,2022-11-26,3200,69756,4.58742
MA,2022-2023,202248,2022-12-03,5451,86266,6.31883
MA,2022-2023,202249,2022-12-10,6685,84624,7.89965
MA,2022-2023,202250,2022-12-17,7292,83593,8.72322
MA,2022-2023,202251,2022-12-24,6988,78550,8.89624
MA,2022-2023,202252,2022-12-31,5893,74119,7.95073
MA,2022-2023,202301,2023-01-07,3698,78385,4.71774
MA,2022-2023,202302,2023-01-14,2120,76835,2.75916
MA,2022-2023,202303,2023-01-21,1526,71649,2.12983
MA,2022-2023,202304,2023-01-28,1429,75125,1.90216
MA,2022-2023,202305,2023-02-04,1246,73176,1.70274
MA,2022-2023,202306,2023-02-11,1335,77552,1.72143
MA,2022-2023,202307,2023-02-18,1472,78971,1.86398
MA,2022-2023,202308,2023-02-25,1162,70751,1.64238
MA,2022-2023,202309,2023-03-04,1084,75034,1.44468
MA,2022-2023,202310,2023-03-11,1217,76590,1.58898
MA,2022-2023,202311,2023-03-18,1125,74554,1.50897
MA,2022-2023,202312,2023-03-25,1305,79218,1.64735
MA,2022-2023,202313,2023-04-01,1330,78988,1.6838
MA,2022-2023,202314,2023-04-08,1251,78577,1.59207
MA,2022-2023,202315,2023-04-15,1275,81574,1.563
MA,2022-2023,202316,2023-04-22,973,73945,1.31584
MA,2022-2023,202317,2023-04-29,960,77503,1.23866
MA,2022-2023,202318,2023-05-06,954,78101,1.2215
MA,2022-2023,202319,2023-05-13,1110,82238,1.34974
MA,2022-2023,202320,2023-05-20,1081,83950,1.28767
MI,2017-2018,201740,2017-10-07,290,27423,1.05751
MI,2017-2018,201741,2017-10-14,311,26161,1.18879
MI,2017-2018,201742,2017-10-21,374,27841,1.34334
MI,2017-2018,201743,2017-10-28,376,27302,1.37719
MI,2017-2018,201744,2017-11-04,343,27443,1.24986
MI,2017-2018,201745,2017-11-11,442,27941,1.5819
MI,2017-2018,201746,2017-11-18,395,26283,1.50287
MI,2017-2018,201747,2017-11-25,428,22916,1.86769
MI,2017-2018,201748,2017-12-02,429,27260,1.57373
MI,2017-2018,201749,2017-12-09,524,28016,1.87036
MI,2017-2018,201750,2017-12-16,545,24674,2.2088
MI,2017-2018,201751,2017-12-23,579,21047,2.75099
MI,2017-2018,201752,2017-12-30,566,16169,3.50053
MI,2017-2018,201801,2018-01-06,676,22838,2.95998
MI,2017-2018,201802,2018-01-13,1105,27532,4.01351
MI,2017-2018,201803,2018-01-20,1347,27458,4.90567
MI,2017-2018,201804,2018-01-27,1515,28917,5.23913
MI,2017-2018,201805,2018-02-03,1620,28774,5.63008
MI,2017-2018,201806,2018-02-10,1386,26633,5.20407
MI,2017-2018,201807,2018-02-17,1027,25698,3.99642
MI,2017-2018,201808,2018-02-24,880,25751,3.41734
MI,2017-2018,201809,2018-03-03,781,25714,3.03726
MI,2017-2018,201810,2018-03-10,595,25831,2.30343
MI,2017-2018,201811,2018-03-17,442,25496,1.73361
MI,2017-2018,201812,2018-03-24,547,25688,2.1294
MI,2017-2018,201813,2018-03-31,465,20307,2.28985
MI,2017-2018,201814,2018-04-07,430,23634,1.81941
MI,2017-2018,201815,2018-04-14,376,23402,1.6067
MI,2017-2018,201816,2018-04-21,323,22875,1.41202
MI,2017-2018,201817,2018-04-28,245,19350,1.26615
MI,2017-2018,201818,2018-05-05,127,19514,0.650815
MI,2017-2018,201819,2018-05-12,174,20428,0.851772
MI,2017-2018,201820,2018-05-19,152,23184,0.655625
MI,2017-2018,201821,2018-05-26,127,20273,0.626449
MI,2017-2018,201822,2018-06-02,93,18317,0.507725
MI,2017-2018,201823,2018-06-09,72,18287,0.393722
MI,2017-2018,201824,2018-06-16,130,17967,0.723549
MI,2017-2018,201825,2018-06-23,73,18011,0.405308
MI,2017-2018,201826,2018-06-30,68,15115,0.449884
MI,2017-2018,201827,2018-07-07,54,14529,0.37167
MI,2017-2018,201828,2018-07-14,48,14529,0.330374
MI,2017-2018,201829,2018-07-21,39,14967,0.260573
MI,2017-2018,201830,2018-07-28,65,16330,0.39804
MI,2017-2018,201831,2018-08-04,75,14752,0.508406
MI,2017-2018,201832,2018-08-11,43,14429,0.298011
MI,2017-2018,201833,2018-08-18,60,15202,0.394685
MI,2017-2018,201834,2018-08-25,46,9344,0.492295
MI,2017-2018,201835,2018-09-01,43,9870,0.435664
MI,2017-2018,201836,2018-09-08,89,9065,0.981798
MI,2017-2018,201837,2018-09-15,144,12070,1.19304
MI,2017-2018,201838,2018-09-22,196,12649,1.54953
MI,2017-2018,201839,2018-09-29,163,10612,1.536
MI,2018-2019,201840,2018-10-06,281,27319,1.02859
MI,2018-2019,201841,2018-10-13,259,24182,1.07104
MI,2018-2019,201842,2018-10-20,293,26948,1.08728
MI,2018-2019,201843,2018-10-27,339,28257,1.1997
MI,2018-2019,201844,2018-11-03,311,26945,1.1542
MI,2018-2019,201845,2018-11-10,382,27957,1.36638
MI,2018-2019,201846,2018-11-17,354,24401,1.45076
MI,2018-2019,201847,2018-11-24,189,11263,1.67806
MI,2018-2019,201848,2018-12-01,386,26030,1.4829
MI,2018-2019,201849,2018-12-08,352,25604,1.37479
MI,2018-2019,201850,2018-12-15,420,26050,1.61228
MI,2018-2019,201851,2018-12-22,388,15898,2.44056
MI,2018-2019,201852,2018-12-29,342,14549,2.35068
MI,2018-2019,201901,2019-01-05,425,22502,1.88872
MI,2018-2019,201902,2019-01-12,455,28229,1.61182
MI,2018-2019,201903,2019-01-19,511,26566,1.92351
MI,2018-2019,201904,2019-01-26,340,15983,2.12726
MI,2018-2019,201905,2019-02-02,368,21066,1.74689
MI,2018-2019,201906,2019-02-09,433,25360,1.70741
MI,2018-2019,201907,2019-02-16,490,26202,1.87009
MI,2018-2019,201908,2019-02-23,475,26421,1.79781
MI,2018-2019,201909,2019-03-02,590,26761,2.2047
MI,2018-2019,201910,2019-03-09,622,26967,2.30652
MI,2018-2019,201911,2019-03-16,755,25628,2.946
MI,2018-2019,201912,2019-03-23,813,25288,3.21496
MI,2018-2019,201913,2019-03-30,639,23800,2.68487
MI,2018-2019,201914,2019-04-06,590,26403,2.23459
MI,2018-2019,201915,2019-04-13,424,27472,1.54339
MI,2018-2019,201916,2019-04-20,385,26104,1.47487
MI,2018-2019,201917,2019-04-27,268,24380,1.09926
MI,2018-2019,201918,2019-05-04,231,24260,0.952185
MI,2018-2019,201919,2019-05-11,236,23987,0.983866
MI,2018-2019,201920,2019-05-18,208,23265,0.894047
MI,2018-2019,201921,2019-05-25,148,20924,0.707322
MI,2018-2019,201922,2019-06-01,140,20228,0.69211
MI,2018-2019,201923,2019-06-08,144,23017,0.625625
MI,2018-2019,201924,2019-06-15,128,22074,0.579868
MI,2018-2019,201925,2019-06-22,84,19722,0.42592
MI,2018-2019,201926,2019-06-29,89,16130,0.551767
MI,2018-2019,201927,2019-07-06,66,18367,0.35934
MI,2018-2019,201928,2019-07-13,81,21568,0.375556
MI,2018-2019,201929,2019-07-20,47,18793,0.250093
MI,2018-2019,201930,2019-07-27,73,20550,0.355231
MI,2018-2019,201931,2019-08-03,57,18208,0.313049
MI,2018-2019,201932,2019-08-10,61,17847,0.341794
MI,2018-2019,201933,2019-08-17,68,19102,0.355984
MI,2018-2019,201934,2019-08-24,69,19097,0.361313
MI,2018-2019,201935,2019-08-31,88,17900,0.49162
MI,2018-2019,201936,2019-09-07,186,21773,0.854269
MI,2018-2019,201937,2019-09-14,230,23747,0.968543
MI,2018-2019,201938,2019-09-21,208,23214,0.896011
MI,2018-2019,201939,2019-09-28,194,23019,0.842782
MI,2019-2020,201940,2019-10-05,181,22693,0.797603
MI,2019-2020,201941,2019-10-12,231,24974,0.924962
MI,2019-2020,201942,2019-10-19,227,23956,0.947571
MI,2019-2020,201943,2019-10-26,233,27790,0.838431
MI,2019-2020,201944,2019-11-02,259,26143,0.990705
MI,2019-2020,201945,2019-11-09,258,25829,0.998877
MI,2019-2020,201946,2019-11-16,285,27242,1.04618
MI,2019-2020,201947,2019-11-23,304,24599,1.23582
MI,2019-2020,201948,2019-11-30,273,22558,1.21021
MI,2019-2020,201949,2019-12-07,404,27698,1.45859
MI,2019-2020,201950,2019-12-14,436,25433,1.71431
MI,2019-2020,201951,2019-12-21,457,19165,2.38456
MI,2019-2020,201952,2019-12-28,373,13705,2.72163
MI,2019-2020,202001,2020-01-04,489,21762,2.24704
MI,2019-2020,202002,2020-01-11,638,28153,2.26619
MI,2019-2020,202003,2020-01-18,622,28575,2.17673
MI,2019-2020,202004,2020-01-25,883,27085,3.26011
MI,2019-2020,202005,2020-02-01,943,25375,3.71626
MI,2019-2020,202006,2020-02-08,1127,27379,4.11629
MI,2019-2020,202007,2020-02-15,1021,25291,4.03701
MI,2019-2020,202008,2020-02-22,814,24996,3.25652
MI,2019-2020,202009,2020-02-29,624,22917,2.72287
MI,2019-2020,202010,2020-03-07,736,25172,2.92388
MI,2019-2020,202011,2020-03-14,531,15066,3.52449
MI,2019-2020,202012,2020-03-21,260,10227,2.54229
MI,2019-2020,202013,2020-03-28,111,6076,1.82686
MI,2019-2020,202014,2020-04-04,101,9228,1.0945
MI,2019-2020,202015,2020-04-11,101,9344,1.08091
MI,2019-2020,202016,2020-04-18,69,10178,0.677933
MI,2019-2020,202017,2020-04-25,88,14253,0.617414
MI,2019-2020,202018,2020-05-02,60,15429,0.388878
MI,2019-2020,202019,2020-05-09,37,15341,0.241184
MI,2019-2020,202020,2020-05-16,46,13938,0.330033
MI,2019-2020,202021,2020-05-23,17,12985,0.13092
MI,2019-2020,202022,2020-05-30,72,16378,0.439614
MI,2019-2020,202023,2020-06-06,59,18286,0.322651
MI,2019-2020,202024,2020-06-13,68,20576,0.330482
MI,2019-2020,202025,2020-06-20,44,17702,0.248559
MI,2019-2020,202026,2020-06-27,55,16118,0.341233
MI,2019-2020,202027,2020-07-04,32,16433,0.19473
MI,2019-2020,202028,2020-07-11,57,17757,0.321
MI,2019-2020,202029,2020-07-18,40,16073,0.248865
MI,2019-2020,202030,2020-07-25,35,16910,0.206978
MI,2019-2020,202031,2020-08-01,62,16115,0.384735
MI,2019-2020,202032,2020-08-08,39,15060,0.258964
MI,2019-2020,202033,2020-08-15,62,17336,0.357637
MI,2019-2020,202034,2020-08-22,66,18696,0.353017
MI,2019-2020,202035,2020-08-29,67,19038,0.351928
MI,2019-2020,202036,2020-09-05,42,15249,0.275428
MI,2019-2020,202037,2020-09-12,35,17464,0.200412
MI,2019-2020,202038,2020-09-19,68,17217,0.394958
MI,2019-2020,202039,2020-09-26,57,18486,0.308341
MI,2020-2021,202040,2020-10-03,59,20155,0.292731
MI,2020-2021,202041,2020-10-10,70,19053,0.367396
MI,2020-2021,202042,2020-10-17,42,14397,0.291727
MI,2020-2021,202043,2020-10-24,22,7453,0.295183
MI,2020-2021,202044,2020-10-31,78,20247,0.385242
MI,2020-2021,202045,2020-11-07,95,20965,0.453136
MI,2020-2021,202046,2020-11-14,85,19760,0.430162
MI,2020-2021,202047,2020-11-21,86,15114,0.569009
MI,2020-2021,202048,2020-11-28,80,15750,0.507937
MI,2020-2021,202049,2020-12-05,59,18047,0.326924
MI,2020-2021,202050,2020-12-12,73,19441,0.375495
MI,2020-2021,202051,2020-12-19,39,12015,0.324594
MI,2020-2021,202052,2020-12-26,37,9785,0.37813
MI,2020-2021,202053,2021-01-02,40,15457,0.258782
MI,2020-2021,202101,2021-01-09,86,18215,0.472138
MI,2020-2021,202102,2021-01-16,40,16403,0.243858
MI,2020-2021,202103,2021-01-23,47,17189,0.273431
MI,2020-2021,202104,2021-01-30,66,17679,0.373324
MI,2020-2021,202105,2021-02-06,42,18117,0.231826
MI,2020-2021,202106,2021-02-13,58,19477,0.297787
MI,2020-2021,202107,2021-02-20,45,17380,0.258918
MI,2020-2021,202108,2021-02-27,66,20138,0.327739
MI,2020-2021,202109,2021-03-06,64,18434,0.347185
MI,2020-2021,202110,2021-03-13,45,17653,0.254914
MI,2020-2021,202111,2021-03-20,43,19569,0.219735
MI,2020-2021,202112,2021-03-27,60,18850,0.318302
MI,2020-2021,202113,2021-04-03,76,16644,0.456621
MI,2020-2021,202114,2021-04-10,76,17463,0.435206
MI,2020-2021,202115,2021-04-17,94,19570,0.480327
MI,2020-2021,202116,2021-04-24,26,15540,0.16731
MI,2020-2021,202117,2021-05-01,86,17408,0.494026
MI,2020-2021,202118,2021-05-08,36,16117,0.223367
MI,2020-2021,202119,2021-05-15,24,16453,0.14587
MI,2020-2021,202120,2021-05-22,36,15662,0.229856
MI,2020-2021,202121,2021-05-29,16,14348,0.111514
MI,2020-2021,202122,2021-06-05,40,16087,0.248648
MI,2020-2021,202123,2021-06-12,39,17355,0.224719
MI,2020-2021,202124,2021-06-19,11,5124,0.214676
MI,2020-2021,202125,2021-06-26,13,5898,0.220414
MI,2020-2021,202126,2021-07-03,15,5825,0.257511
MI,2020-2021,202127,2021-07-10,15,4995,0.3003
MI,2020-2021,202128,2021-07-17,10,5528,0.180897
MI,2020-2021,202129,2021-07-24,17,4801,0.354093
MI,2020-2021,202130,2021-07-31,28,6179,0.453148
MI,2020-2021,202131,2021-08-07,22,5799,0.379376
MI,2020-2021,202132,2021-08-14,24,5283,0.454287
MI,2020-2021,202133,2021-08-21,46,5672,0.811001
MI,2020-2021,202134,2021-08-28,23,4851,0.474129
MI,2020-2021,202135,2021-09-04,24,6637,0.361609
MI,2020-2021,202136,2021-09-11,36,5895,0.610687
MI,2020-2021,202137,2021-09-18,45,7135,0.630694
MI,2020-2021,202138,2021-09-25,59,7504,0.786247
MI,2020-2021,202139,2021-10-02,68,7972,0.852985
MI,2021-2022,202140,2021-10-09,1408,85084,1.65484
MI,2021-2022,202141,2021-10-16,1242,84881,1.46322
MI,2021-2022,202142,2021-10-23,1221,80685,1.51329
MI,2021-2022,202143,2021-10-30,1192,79399,1.50128
MI,2021-2022,202144,2021-11-06,1356,69221,1.95894
MI,2021-2022,202145,2021-11-13,1643,79433,2.06841
MI,2021-2022,202146,2021-11-20,1493,80720,1.8496
MI,2021-2022,202147,2021-11-27,1194,74106,1.61121
MI,2021-2022,202148,2021-12-04,1227,79233,1.5486
MI,2021-2022,202149,2021-12-11,1131,76054,1.4871
MI,2021-2022,202150,2021-12-18,1061,73239,1.44868
MI,2021-2022,202151,2021-12-25,1264,69323,1.82335
MI,2021-2022,202152,2022-01-01,1645,79923,2.05823
MI,2021-2022,202201,2022-01-08,1368,75815,1.80439
MI,2021-2022,202202,2022-01-15,989,70185,1.40913
MI,2021-2022,202203,2022-01-22,823,68834,1.19563
MI,2021-2022,202204,2022-01-29,625,64387,0.970693
MI,2021-2022,202205,2022-02-05,541,60835,0.889291
MI,2021-2022,202206,2022-02-12,505,69453,0.72711
MI,2021-2022,202207,2022-02-19,455,66569,0.683501
MI,2021-2022,202208,2022-02-26,477,69448,0.686845
MI,2021-2022,202209,2022-03-05,572,70094,0.816047
MI,2021-2022,202210,2022-03-12,641,72173,0.888144
MI,2021-2022,202211,2022-03-19,879,74571,1.17874
MI,2021-2022,202212,2022-03-26,903,75211,1.20062
MI,2021-2022,202213,2022-04-02,946,72881,1.29801
MI,2021-2022,202214,2022-04-09,967,74543,1.29724
MI,2021-2022,202215,2022-04-16,951,73740,1.28967
MI,2021-2022,202216,2022-04-23,1023,75693,1.35151
MI,2021-2022,202217,2022-04-30,1280,78635,1.62777
MI,2021-2022,202218,2022-05-07,1252,76888,1.62834
MI,2021-2022,202219,2022-05-14,1539,83589,1.84115
MI,2021-2022,202220,2022-05-21,1292,90990,1.41994
MI,2021-2022,202221,2022-05-28,1043,87147,1.19683
MI,2021-2022,202222,2022-06-04,863,86431,0.998484
MI,2021-2022,202223,2022-06-11,789,86192,0.915398
MI,2021-2022,202224,2022-06-18,648,84319,0.76851
MI,2021-2022,202225,2022-06-25,572,85048,0.672561
MI,2021-2022,202226,2022-07-02,584,85679,0.681614
MI,2021-2022,202227,2022-07-09,549,86256,0.636477
MI,2021-2022,202228,2022-07-16,545,86401,0.63078
MI,2021-2022,202229,2022-07-23,499,87894,0.567729
MI,2021-2022,202230,2022-07-30,563,87535,0.643171
MI,2021-2022,202231,2022-08-06,562,87967,0.638876
MI,2021-2022,202232,2022-08-13,563,87848,0.64088
MI,2021-2022,202233,2022-08-20,543,87732,0.61893
MI,2021-2022,202234,2022-08-27,520,87473,0.594469
MI,2021-2022,202235,2022-09-03,628,88355,0.710769
MI,2021-2022,202236,2022-09-10,713,87959,0.810605
MI,2021-2022,202237,2022-09-17,832,90024,0.924198
MI,2021-2022,202238,2022-09-24,916,89880,1.01914
MI,2021-2022,202239,2022-10-01,903,86693,1.04161
MI,2022-2023,202240,2022-10-08,929,75180,1.2357
MI,2022-2023,202241,2022-10-15,1353,90811,1.48991
MI,2022-2023,202242,2022-10-22,1017,52714,1.92928
MI,2022-2023,202243,2022-10-29,1917,94978,2.01836
MI,2022-2023,202244,2022-11-05,2210,94929,2.32806
MI,2022-2023,202245,2022-11-12,2145,92953,2.30762
MI,2022-2023,202246,2022-11-19,1837,87273,2.10489
MI,2022-2023,202247,2022-11-26,2040,84795,2.4058
MI,2022-2023,202248,2022-12-03,2597,94951,2.73509
MI,2022-2023,202249,2022-12-10,3084,94767,3.2543
MI,2022-2023,202250,2022-12-17,4006,96878,4.1351
MI,2022-2023,202251,2022-12-24,3636,84059,4.32553
MI,2022-2023,202252,2022-12-31,2886,86118,3.35122
MI,2022-2023,202301,2023-01-07,1949,86372,2.25652
MI,2022-2023,202302,2023-01-14,1088,74741,1.45569
MI,2022-2023,202303,2023-01-21,933,79162,1.1786
MI,2022-2023,202304,2023-01-28,836,76911,1.08697
MI,2022-2023,202305,2023-02-04,844,78504,1.0751
MI,2022-2023,202306,2023-02-11,991,83058,1.19314
MI,2022-2023,202307,2023-02-18,913,81427,1.12125
MI,2022-2023,202308,2023-02-25,971,80204,1.21066
MI,2022-2023,202309,2023-03-04,970,83098,1.1673
MI,2022-2023,202310,2023-03-11,1005,83931,1.19741
MI,2022-2023,202311,2023-03-18,1077,85392,1.26124
MI,2022-2023,202312,2023-03-25,1150,85834,1.3398
MI,2022-2023,202313,2023-04-01,997,82669,1.20601
MI,2022-2023,202314,2023-04-08,911,83484,1.09123
MI,2022-2023,202315,2023-04-15,807,86282,0.935305
MI,2022-2023,202316,2023-04-22,783,84554,0.926035
MI,2022-2023,202317,2023-04-29,773,85560,0.90346
MI,2022-2023,202318,2023-05-06,950,86014,1.10447
MI,2022-2023,202319,2023-05-13,871,89669,0.97135
MI,2022-2023,202320,2023-05-20,830,86163,0.963291
NAT,2017-2018,201740,2017-10-07,12839,1002892,1.26589
NAT,2017-2018,201741,2017-10-14,13267,996595,1.30479
NAT,2017-2018,201742,2017-10-21,14319,1017076,1.34075
NAT,2017-2018,201743,2017-10-28,15832,1006998,1.51674
NAT,2017-2018,201744,2017-11-04,17069,1002140,1.74583
NAT,2017-2018,201745,2017-11-11,19057,1021079,1.88708
NAT,2017-2018,201746,2017-11-18,21892,1054290,2.05923
NAT,2017-2018,201747,2017-11-25,19816,848314,2.27971
NAT,2017-2018,201748,2017-12-02,23752,1057350,2.28379
NAT,2017-2018,201749,2017-12-09,24955,1000183,2.58278
NAT,2017-2018,201750,2017-12-16,31502,984283,3.36558
NAT,2017-2018,201751,2017-12-23,42782,963978,4.73117
NAT,2017-2018,201752,2017-12-30,45255,828299,5.70943
NAT,2017-2018,201801,2018-01-06,47269,882271,5.74658
NAT,2017-2018,201802,2018-01-13,56761,1027466,5.89207
NAT,2017-2018,201803,2018-01-20,63036,993431,6.51759
NAT,2017-2018,201804,2018-01-27,77326,1101807,7.16338
NAT,2017-2018,201805,2018-02-03,85985,1105078,7.52133
NAT,2017-2018,201806,2018-02-10,87825,1130397,7.38748
NAT,2017-2018,201807,2018-02-17,76210,1118800,6.44688
NAT,2017-2018,201808,2018-02-24,53025,1028116,4.95881
NAT,2017-2018,201809,2018-03-03,36064,1013191,3.68612
NAT,2017-2018,201810,2018-03-10,29133,969427,3.18626
NAT,2017-2018,201811,2018-03-17,25938,949978,2.76894
NAT,2017-2018,201812,2018-03-24,23805,960779,2.48706
NAT,2017-2018,201813,2018-03-31,20693,875658,2.40802
NAT,2017-2018,201814,2018-04-07,19074,938963,2.07483
NAT,2017-2018,201815,2018-04-14,16664,923848,1.77898
NAT,2017-2018,201816,2018-04-21,14869,936950,1.61487
NAT,2017-2018,201817,2018-04-28,14552,946160,1.5385
NAT,2017-2018,201818,2018-05-05,13291,916783,1.52612
NAT,2017-2018,201819,2018-05-12,11619,909661,1.28847
NAT,2017-2018,201820,2018-05-19,11066,906668,1.18344
NAT,2017-2018,201821,2018-05-26,10646,863879,1.24919
NAT,2017-2018,201822,2018-06-02,9608,785606,1.14131
NAT,2017-2018,201823,2018-06-09,8693,830040,0.9878
NAT,2017-2018,201824,2018-06-16,7573,774246,0.89556500000000006
NAT,2017-2018,201825,2018-06-23,7373,778114,0.892204
NAT,2017-2018,201826,2018-06-30,6947,800757,0.877184
NAT,2017-2018,201827,2018-07-07,6258,760130,0.780203
NAT,2017-2018,201828,2018-07-14,6501,842647,0.725075
NAT,2017-2018,201829,2018-07-21,5786,818597,0.68247
NAT,2017-2018,201830,2018-07-28,5497,802300,0.640393
NAT,2017-2018,201831,2018-08-04,5612,816468,0.639127
NAT,2017-2018,201832,2018-08-11,5861,796621,0.705637
NAT,2017-2018,201833,2018-08-18,6537,810994,0.707801
NAT,2017-2018,201834,2018-08-25,7323,775731,0.822659
NAT,2017-2018,201835,2018-09-01,8111,844807,0.859864
NAT,2017-2018,201836,2018-09-08,9530,835027,1.10083
NAT,2017-2018,201837,2018-09-15,10065,876862,1.15323
NAT,2017-2018,201838,2018-09-22,11189,853109,1.20178
NAT,2017-2018,201839,2018-09-29,11767,933130,1.2498
NAT,2018-2019,201840,2018-10-06,17975,1266076,1.41876
NAT,2018-2019,201841,2018-10-13,18652,1266257,1.40077
NAT,2018-2019,201842,2018-10-20,19948,1254844,1.47139
NAT,2018-2019,201843,2018-10-27,21634,1256271,1.63634
NAT,2018-2019,201844,2018-11-03,23169,1258405,1.79125
NAT,2018-2019,201845,2018-11-10,24085,1249921,1.86871
NAT,2018-2019,201846,2018-11-17,24419,1171062,1.98121
NAT,2018-2019,201847,2018-11-24,24635,1026187,2.23487
NAT,2018-2019,201848,2018-12-01,29096,1296156,2.14572
NAT,2018-2019,201849,2018-12-08,28377,1233986,2.25134
NAT,2018-2019,201850,2018-12-15,33113,1212127,2.6411
NAT,2018-2019,201851,2018-12-22,38260,1180820,3.13478
NAT,2018-2019,201852,2018-12-29,44012,1052725,3.96538
NAT,2018-2019,201901,2019-01-05,42135,1160440,3.45972
NAT,2018-2019,201902,2019-01-12,38815,1237552,3.07558
NAT,2018-2019,201903,2019-01-19,41199,1225384,3.3258
NAT,2018-2019,201904,2019-01-26,46241,1191426,3.79773
NAT,2018-2019,201905,2019-02-02,55264,1222020,4.34227
NAT,2018-2019,201906,2019-02-09,69732,1340765,4.86953
NAT,2018-2019,201907,2019-02-16,70056,1292464,5.03689
NAT,2018-2019,201908,2019-02-23,66461,1260932,4.8812
NAT,2018-2019,201909,2019-03-02,58802,1281115,4.54791
NAT,2018-2019,201910,2019-03-09,55431,1260615,4.3762
NAT,2018-2019,201911,2019-03-16,53177,1288273,4.22692
NAT,2018-2019,201912,2019-03-23,45668,1303765,3.68251
NAT,2018-2019,201913,2019-03-30,37948,1244935,3.08559
NAT,2018-2019,201914,2019-04-06,32941,1229217,2.69831
NAT,2018-2019,201915,2019-04-13,27854,1229148,2.28676
NAT,2018-2019,201916,2019-04-20,23147,1178058,2.01217
NAT,2018-2019,201917,2019-04-27,20610,1196855,1.71323
NAT,2018-2019,201918,2019-05-04,18864,1199386,1.56678
NAT,2018-2019,201919,2019-05-11,17107,1173980,1.49827
NAT,2018-2019,201920,2019-05-18,16459,1094840,1.49961
NAT,2018-2019,201921,2019-05-25,15763,1123869,1.42123
NAT,2018-2019,201922,2019-06-01,14776,1052737,1.39258
NAT,2018-2019,201923,2019-06-08,13451,1086961,1.21697
NAT,2018-2019,201924,2019-06-15,12106,1079343,1.11266
NAT,2018-2019,201925,2019-06-22,10695,1056024,0.991888
NAT,2018-2019,201926,2019-06-29,10027,1044732,0.946401
NAT,2018-2019,201927,2019-07-06,8722,992358,0.874695
NAT,2018-2019,201928,2019-07-13,8425,1060841,0.809169
NAT,2018-2019,201929,2019-07-20,8116,1058986,0.75452
NAT,2018-2019,201930,2019-07-27,7787,1040191,0.732983
NAT,2018-2019,201931,2019-08-03,7884,1041320,0.725811
NAT,2018-2019,201932,2019-08-10,8060,1046625,0.754209
NAT,2018-2019,201933,2019-08-17,8994,1079056,0.729672
NAT,2018-2019,201934,2019-08-24,10103,1074399,0.839875
NAT,2018-2019,201935,2019-08-31,11904,1100212,0.989358
NAT,2018-2019,201936,2019-09-07,13188,1097022,1.1354
NAT,2018-2019,201937,2019-09-14,14843,1166071,1.23124
NAT,2018-2019,201938,2019-09-21,16001,1152730,1.24448
NAT,2018-2019,201939,2019-09-28,17453,1167311,1.3379
NAT,2019-2020,201940,2019-10-05,21916,1458307,1.49002
NAT,2019-2020,201941,2019-10-12,22954,1436748,1.59192
NAT,2019-2020,201942,2019-10-19,24886,1430800,1.72572
NAT,2019-2020,201943,2019-10-26,27419,1473831,1.83419
NAT,2019-2020,201944,2019-11-02,28910,1435369,2.04008
NAT,2019-2020,201945,2019-11-09,34586,1463253,2.39351
NAT,2019-2020,201946,2019-11-16,37732,1426928,2.63251
NAT,2019-2020,201947,2019-11-23,44161,1484969,2.89941
NAT,2019-2020,201948,2019-11-30,44044,1275199,3.41501
NAT,2019-2020,201949,2019-12-07,48904,1476208,3.2579
NAT,2019-2020,201950,2019-12-14,56444,1458774,3.94308
NAT,2019-2020,201951,2019-12-21,71594,1424436,5.06435
NAT,2019-2020,201952,2019-12-28,95757,1338669,7.06161
NAT,2019-2020,202001,2020-01-04,88731,1426691,5.90066
NAT,2019-2020,202002,2020-01-11,75614,1492251,4.9402
NAT,2019-2020,202003,2020-01-18,79783,1489132,5.33135
NAT,2019-2020,202004,2020-01-25,90150,1496826,6.07822
NAT,2019-2020,202005,2020-02-01,108307,1575900,6.74724
NAT,2019-2020,202006,2020-02-08,111361,1571657,6.80157
NAT,2019-2020,202007,2020-02-15,95418,1533883,6.11292
NAT,2019-2020,202008,2020-02-22,80559,1433517,5.52513
NAT,2019-2020,202009,2020-02-29,74823,1466346,5.12333
NAT,2019-2020,202010,2020-03-07,78779,1489410,5.26652
NAT,2019-2020,202011,2020-03-14,89607,1425172,5.66932
NAT,2019-2020,202012,2020-03-21,78584,1068755,6.38029
NAT,2019-2020,202013,2020-03-28,53142,853431,4.91692
NAT,2019-2020,202014,2020-04-04,36251,750546,3.78625
NAT,2019-2020,202015,2020-04-11,24974,718953,2.80122
NAT,2019-2020,202016,2020-04-18,18274,709970,2.12907
NAT,2019-2020,202017,2020-04-25,15164,750576,1.73315
NAT,2019-2020,202018,2020-05-02,12821,790883,1.40939
NAT,2019-2020,202019,2020-05-09,11058,817791,1.18657
NAT,2019-2020,202020,2020-05-16,10480,846493,1.11444
NAT,2019-2020,202021,2020-05-23,11416,1059901,1.00711
NAT,2019-2020,202022,2020-05-30,9605,1082074,0.889878
NAT,2019-2020,202023,2020-06-06,9318,1134988,0.815858
NAT,2019-2020,202024,2020-06-13,9572,1174543,0.837779
NAT,2019-2020,202025,2020-06-20,11866,1247096,0.929189
NAT,2019-2020,202026,2020-06-27,15490,1287264,1.1387100000000001
NAT,2019-2020,202027,2020-07-04,17826,1287401,1.27591
NAT,2019-2020,202028,2020-07-11,20043,1360037,1.34978
NAT,2019-2020,202029,2020-07-18,19250,1338613,1.34436
NAT,2019-2020,202030,2020-07-25,16523,1355190,1.22126
NAT,2019-2020,202031,2020-08-01,15514,1346820,1.15381
NAT,2019-2020,202032,2020-08-08,14103,1333292,1.0649
NAT,2019-2020,202033,2020-08-15,13131,1338686,0.979173
NAT,2019-2020,202034,2020-08-22,12900,1344069,0.967664
NAT,2019-2020,202035,2020-08-29,13138,1351058,1.00158
NAT,2019-2020,202036,2020-09-05,12232,1336359,0.917339
NAT,2019-2020,202037,2020-09-12,13001,1326890,1.02954
NAT,2019-2020,202038,2020-09-19,13005,1359239,0.975797
NAT,2019-2020,202039,2020-09-26,14457,1397083,1.0586
NAT,2020-2021,202040,2020-10-03,16570,1542071,1.0872
NAT,2020-2021,202041,2020-10-10,19194,1619788,1.20898
NAT,2020-2021,202042,2020-10-17,17281,1584807,1.10874
NAT,2020-2021,202043,2020-10-24,18187,1582393,1.18588
NAT,2020-2021,202044,2020-10-31,18612,1566538,1.25
NAT,2020-2021,202045,2020-11-07,21410,1603163,1.43782
NAT,2020-2021,202046,2020-11-14,22623,1641763,1.48426
NAT,2020-2021,202047,2020-11-21,22722,1592518,1.54717
NAT,2020-2021,202048,2020-11-28,21320,1425127,1.60668
NAT,2020-2021,202049,2020-12-05,22305,1539568,1.56586
NAT,2020-2021,202050,2020-12-12,22219,1554103,1.52073
NAT,2020-2021,202051,2020-12-19,20886,1493692,1.50659
NAT,2020-2021,202052,2020-12-26,19852,1362314,1.55413
NAT,2020-2021,202053,2021-01-02,22436,1458493,1.5907
NAT,2020-2021,202101,2021-01-09,22720,1583355,1.47569
NAT,2020-2021,202102,2021-01-16,19194,1518947,1.29196
NAT,2020-2021,202103,2021-01-23,18353,1515597,1.25191
NAT,2020-2021,202104,2021-01-30,16910,1506379,1.10337
NAT,2020-2021,202105,2021-02-06,16101,1488119,1.16554
NAT,2020-2021,202106,2021-02-13,14108,1447245,1.00745
NAT,2020-2021,202107,2021-02-20,12602,1388655,0.986987
NAT,2020-2021,202108,2021-02-27,13347,1551120,0.862967
NAT,2020-2021,202109,2021-03-06,13017,1544694,0.82875
NAT,2020-2021,202110,2021-03-13,14098,1560517,0.883305
NAT,2020-2021,202111,2021-03-20,14580,1551754,0.90874
NAT,2020-2021,202112,2021-03-27,15359,1599523,0.948022
NAT,2020-2021,202113,2021-04-03,15994,1602603,0.974936
NAT,2020-2021,202114,2021-04-10,18148,1683278,1.06411
NAT,2020-2021,202115,2021-04-17,19177,1729037,1.08168
NAT,2020-2021,202116,2021-04-24,19313,1679142,1.10339
NAT,2020-2021,202117,2021-05-01,20134,1702520,1.13164
NAT,2020-2021,202118,2021-05-08,19937,1649771,1.1483
NAT,2020-2021,202119,2021-05-15,20373,1623653,1.19144
NAT,2020-2021,202120,2021-05-22,21266,1683332,1.24686
NAT,2020-2021,202121,2021-05-29,19685,1652632,1.14576
NAT,2020-2021,202122,2021-06-05,20152,1610198,1.18405
NAT,2020-2021,202123,2021-06-12,19188,1675241,1.12999
NAT,2020-2021,202124,2021-06-19,19672,1659980,1.19103
NAT,2020-2021,202125,2021-06-26,19896,1644041,1.21258
NAT,2020-2021,202126,2021-07-03,20103,1657572,1.2132
NAT,2020-2021,202127,2021-07-10,22376,1683488,1.26708
NAT,2020-2021,202128,2021-07-17,25263,1751226,1.38688
NAT,2020-2021,202129,2021-07-24,30554,1787598,1.64767
NAT,2020-2021,202130,2021-07-31,35221,1844702,1.799
NAT,2020-2021,202131,2021-08-07,37762,1840212,1.94947
NAT,2020-2021,202132,2021-08-14,40069,1859035,2.03512
NAT,2020-2021,202133,2021-08-21,42753,1856032,2.19023
NAT,2020-2021,202134,2021-08-28,43062,1866295,2.23843
NAT,2020-2021,202135,2021-09-04,40878,1814941,2.26655
NAT,2020-2021,202136,2021-09-11,39438,1782067,2.21303
NAT,2020-2021,202137,2021-09-18,36222,1806283,2.04664
NAT,2020-2021,202138,2021-09-25,34019,1756033,1.9014
NAT,2020-2021,202139,2021-10-02,30002,1628298,1.84504
NAT,2021-2022,202140,2021-10-09,39606,2016770,2.03726
NAT,2021-2022,202141,2021-10-16,37639,1975130,1.94864
NAT,2021-2022,202142,2021-10-23,35684,1918446,1.92538
NAT,2021-2022,202143,2021-10-30,36616,1934216,1.9789
NAT,2021-2022,202144,2021-11-06,39986,1917029,2.1334
NAT,2021-2022,202145,2021-11-13,44242,1989010,2.25788
NAT,2021-2022,202146,2021-11-20,47047,1996913,2.41079
NAT,2021-2022,202147,2021-11-27,43297,1762035,2.51762
NAT,2021-2022,202148,2021-12-04,52671,2056405,2.55244
NAT,2021-2022,202149,2021-12-11,55027,2026604,2.72476
NAT,2021-2022,202150,2021-12-18,62539,2018579,3.14645
NAT,2021-2022,202151,2021-12-25,79184,1941911,4.00686
NAT,2021-2022,202152,2022-01-01,113921,2246767,4.90468
NAT,2021-2022,202201,2022-01-08,93323,2179176,4.32906
NAT,2021-2022,202202,2022-01-15,69158,2025052,3.5344
NAT,2021-2022,202203,2022-01-22,48685,1811493,2.82024
NAT,2021-2022,202204,2022-01-29,34720,1763472,2.06558
NAT,2021-2022,202205,2022-02-05,25809,1655407,1.68092
NAT,2021-2022,202206,2022-02-12,23719,1771418,1.44022
NAT,2021-2022,202207,2022-02-19,23930,1746548,1.48974
NAT,2021-2022,202208,2022-02-26,23620,1725348,1.46266
NAT,2021-2022,202209,2022-03-05,25789,1812738,1.58728
NAT,2021-2022,202210,2022-03-12,28073,1815454,1.70339
NAT,2021-2022,202211,2022-03-19,31342,1867703,1.83335
NAT,2021-2022,202212,2022-03-26,32433,1873589,1.87057
NAT,2021-2022,202213,2022-04-02,34811,1877763,1.97612
NAT,2021-2022,202214,2022-04-09,38128,1912563,2.07126
NAT,2021-2022,202215,2022-04-16,40953,1923288,2.16302
NAT,2021-2022,202216,2022-04-23,42072,1927606,2.20418
NAT,2021-2022,202217,2022-04-30,44980,2033467,2.24681
NAT,2021-2022,202218,2022-05-07,47787,1979594,2.3613
NAT,2021-2022,202219,2022-05-14,53380,2061117,2.48314
NAT,2021-2022,202220,2022-05-21,54062,2076213,2.45354
NAT,2021-2022,202221,2022-05-28,53992,2038685,2.39624
NAT,2021-2022,202222,2022-06-04,51879,1961919,2.4335
NAT,2021-2022,202223,2022-06-11,45240,1972798,2.16334
NAT,2021-2022,202224,2022-06-18,40250,1940774,1.98842
NAT,2021-2022,202225,2022-06-25,37830,1972377,1.87678
NAT,2021-2022,202226,2022-07-02,34570,1918841,1.80274
NAT,2021-2022,202227,2022-07-09,34995,1951308,1.81978
NAT,2021-2022,202228,2022-07-16,33011,1978336,1.67886
NAT,2021-2022,202229,2022-07-23,32613,1980449,1.65939
NAT,2021-2022,202230,2022-07-30,32040,1944269,1.67083
NAT,2021-2022,202231,2022-08-06,29647,1958644,1.52259
NAT,2021-2022,202232,2022-08-13,28923,1910699,1.50755
NAT,2021-2022,202233,2022-08-20,31572,1949974,1.60507
NAT,2021-2022,202234,2022-08-27,35788,1977251,1.83793
NAT,2021-2022,202235,2022-09-03,37529,1980457,1.96433
NAT,2021-2022,202236,2022-09-10,38334,1967653,2.02422
NAT,2021-2022,202237,2022-09-17,39760,2017659,2.0351
NAT,2021-2022,202238,2022-09-24,44666,2032523,2.28352
NAT,2021-2022,202239,2022-10-01,46154,2013977,2.36029
NAT,2022-2023,202240,2022-10-08,57318,2209814,2.61257
NAT,2022-2023,202241,2022-10-15,63388,2223106,3.00763
NAT,2022-2023,202242,2022-10-22,75615,2279700,3.31975
NAT,2022-2023,202243,2022-10-29,109496,2462467,4.3682
NAT,2022-2023,202244,2022-11-05,139247,2510305,5.42144
NAT,2022-2023,202245,2022-11-12,140055,2468962,5.73522
NAT,2022-2023,202246,2022-11-19,137419,2396019,5.91793
NAT,2022-2023,202247,2022-11-26,164936,2237505,7.42531
NAT,2022-2023,202248,2022-12-03,185673,2564503,7.21822
NAT,2022-2023,202249,2022-12-10,167248,2448985,6.87034
NAT,2022-2023,202250,2022-12-17,151672,2347026,6.29772
NAT,2022-2023,202251,2022-12-24,129978,2116491,6.00293
NAT,2022-2023,202252,2022-12-31,112531,2058533,5.33838
NAT,2022-2023,202301,2023-01-07,92034,2257219,3.93482
NAT,2022-2023,202302,2023-01-14,67720,2214718,2.94553
NAT,2022-2023,202303,2023-01-21,57770,2134322,2.63811
NAT,2022-2023,202304,2023-01-28,58231,2179097,2.62522
NAT,2022-2023,202305,2023-02-04,59326,2208786,2.58477
NAT,2022-2023,202306,2023-02-11,62258,2301891,2.59148
NAT,2022-2023,202307,2023-02-18,59665,2262519,2.5701
NAT,2022-2023,202308,2023-02-25,57223,2212367,2.52707
NAT,2022-2023,202309,2023-03-04,55682,2278801,2.40469
NAT,2022-2023,202310,2023-03-11,54686,2274369,2.3571
NAT,2022-2023,202311,2023-03-18,54263,2228243,2.3545
NAT,2022-2023,202312,2023-03-25,55394,2295244,2.31096
NAT,2022-2023,202313,2023-04-01,53342,2270922,2.25771
NAT,2022-2023,202314,2023-04-08,48355,2191695,2.12953
NAT,2022-2023,202315,2023-04-15,46725,2254413,2.01047
NAT,2022-2023,202316,2023-04-22,44507,2277306,1.90776
NAT,2022-2023,202317,2023-04-29,44802,2270577,1.90393
NAT,2022-2023,202318,2023-05-06,45582,2259439,1.93608
NAT,2022-2023,202319,2023-05-13,45769,2295923,1.90846
NAT,2022-2023,202320,2023-05-20,43287,2201602,1.88236
NY,2017-2018,201740,2017-10-07,1484,114069,1.3009669585952364
NY,2017-2018,201741,2017-10-14,1586,114114,1.3898382319434952
NY,2017-2018,201742,2017-10-21,1871,117049,1.5984758519936095
NY,2017-2018,201743,2017-10-28,1996,118276,1.6875782069058813
NY,2017-2018,201744,2017-11-04,1976,114334,1.7282698060069621
NY,2017-2018,201745,2017-11-11,1939,114521,1.6931392495699478
NY,2017-2018,201746,2017-11-18,2581,117369,2.199047448644872
NY,2017-2018,201747,2017-11-25,2169,103595,2.093730392393455
NY,2017-2018,201748,2017-12-02,2147,120914,1.7756421919711531
NY,2017-2018,201749,2017-12-09,2945,117369,2.5091804479888213
NY,2017-2018,201750,2017-12-16,2892,110482,2.6176209699317536
NY,2017-2018,201751,2017-12-23,3505,112499,3.1155832496288856
NY,2017-2018,201752,2017-12-30,3639,101063,3.6007243006837317
NY,2017-2018,201801,2018-01-06,3561,96901,3.674884676112734
NY,2017-2018,201802,2018-01-13,4815,119790,4.019534184823441
NY,2017-2018,201803,2018-01-20,6508,121365,5.3623367527705685
NY,2017-2018,201804,2018-01-27,8897,132708,6.704192663592249
NY,2017-2018,201805,2018-02-03,10503,132908,7.90245884371144
NY,2017-2018,201806,2018-02-10,11874,136204,8.717805644474465
NY,2017-2018,201807,2018-02-17,10569,122798,8.606817700614016
NY,2017-2018,201808,2018-02-24,7251,119572,6.064128725788646
NY,2017-2018,201809,2018-03-03,3854,103709,3.7161673528816204
NY,2017-2018,201810,2018-03-10,3113,107639,2.892074433987681
NY,2017-2018,201811,2018-03-17,2743,110225,2.488546155590837
NY,2017-2018,201812,2018-03-24,2583,107486,2.4031036600115363
NY,2017-2018,201813,2018-03-31,2506,109720,2.2839956252278526
NY,2017-2018,201814,2018-04-07,2023,104343,1.9387980027409601
NY,2017-2018,201815,2018-04-14,1976,111540,1.7715617715617717
NY,2017-2018,201816,2018-04-21,1792,106202,1.6873505207058246
NY,2017-2018,201817,2018-04-28,1826,112713,1.620043828129852
NY,2017-2018,201818,2018-05-05,1958,115512,1.6950619849020014
NY,2017-2018,201819,2018-05-12,1870,120013,1.558164532175681
NY,2017-2018,201820,2018-05-19,1749,110687,1.5801313614064887
NY,2017-2018,201821,2018-05-26,1802,110994,1.6235111807845468
NY,2017-2018,201822,2018-06-02,1523,97504,1.5619872005251068
NY,2017-2018,201823,2018-06-09,1575,107873,1.4600502442687233
NY,2017-2018,201824,2018-06-16,1477,106594,1.3856314614331013
NY,2017-2018,201825,2018-06-23,1301,106680,1.2195350581177353
NY,2017-2018,201826,2018-06-30,1184,103182,1.1474869647806787
NY,2017-2018,201827,2018-07-07,999,98329,1.0159769752565366
NY,2017-2018,201828,2018-07-14,1097,105377,1.0410241324008085
NY,2017-2018,201829,2018-07-21,1010,103827,0.9727720149864678
NY,2017-2018,201830,2018-07-28,835,102090,0.8179057694191401
NY,2017-2018,201831,2018-08-04,927,104042,0.8909863324426673
NY,2017-2018,201832,2018-08-11,983,104837,0.9376460600742105
NY,2017-2018,201833,2018-08-18,958,102110,0.9382038977573205
NY,2017-2018,201834,2018-08-25,923,100162,0.9215071584033865
NY,2017-2018,201835,2018-09-01,966,103381,0.9344076764589238
NY,2017-2018,201836,2018-09-08,1004,97872,1.02582965505967
NY,2017-2018,201837,2018-09-15,1192,100317,1.1882333004376129
NY,2017-2018,201838,2018-09-22,1651,105501,1.5649140766438232
NY,2017-2018,201839,2018-09-29,1798,111326,1.615076442160861
NY,2018-2019,201840,2018-10-06,2660,170470,1.5603918578048925
NY,2018-2019,201841,2018-10-13,2709,173431,1.5620044859338873
NY,2018-2019,201842,2018-10-20,2912,165003,1.7648163972776254
NY,2018-2019,201843,2018-10-27,3099,160250,1.9338533541341654
NY,2018-2019,201844,2018-11-03,2948,161942,1.8204048362994159
NY,2018-2019,201845,2018-11-10,2970,163758,1.8136518521232552
NY,2018-2019,201846,2018-11-17,2983,152942,1.9504125747015206
NY,2018-2019,201847,2018-11-24,3190,144522,2.207276400824788
NY,2018-2019,201848,2018-12-01,3407,165522,2.0583366561544687
NY,2018-2019,201849,2018-12-08,3719,161978,2.2959908135672746
NY,2018-2019,201850,2018-12-15,4365,161457,2.703506196696334
NY,2018-2019,201851,2018-12-22,5050,157751,3.201247535673308
NY,2018-2019,201852,2018-12-29,5895,152539,3.8645854502782893
NY,2018-2019,201901,2019-01-05,5607,159075,3.5247524752475243
NY,2018-2019,201902,2019-01-12,5050,157852,3.1991992499303143
NY,2018-2019,201903,2019-01-19,5880,159837,3.678747724244073
NY,2018-2019,201904,2019-01-26,6120,157056,3.896699266503668
NY,2018-2019,201905,2019-02-02,6171,160261,3.850593718995888
NY,2018-2019,201906,2019-02-09,6961,172285,4.040398177438546
NY,2018-2019,201907,2019-02-16,7146,166000,4.304819277108433
NY,2018-2019,201908,2019-02-23,6072,154850,3.9212140781401352
NY,2018-2019,201909,2019-03-02,4798,158285,3.031241115709006
NY,2018-2019,201910,2019-03-09,4836,160713,3.009090739392582
NY,2018-2019,201911,2019-03-16,5001,168179,2.973617395750956
NY,2018-2019,201912,2019-03-23,4752,183305,2.59240064373585
NY,2018-2019,201913,2019-03-30,4288,165363,2.5930830959767297
NY,2018-2019,201914,2019-04-06,4170,161180,2.5871696240228315
NY,2018-2019,201915,2019-04-13,3497,155350,2.2510460251046025
NY,2018-2019,201916,2019-04-20,2945,148523,1.9828578738646538
NY,2018-2019,201917,2019-04-27,2307,146027,1.5798448232176239
NY,2018-2019,201918,2019-05-04,2179,146772,1.484615594255035
NY,2018-2019,201919,2019-05-11,1946,147996,1.3149004027135869
NY,2018-2019,201920,2019-05-18,1811,134505,1.3464183487602692
NY,2018-2019,201921,2019-05-25,2109,148622,1.4190362126737628
NY,2018-2019,201922,2019-06-01,2039,145504,1.4013360457444468
NY,2018-2019,201923,2019-06-08,2141,155429,1.3774778194545418
NY,2018-2019,201924,2019-06-15,2042,155806,1.310604212931466
NY,2018-2019,201925,2019-06-22,1661,146024,1.137484249164521
NY,2018-2019,201926,2019-06-29,1700,150079,1.1327367586404493
NY,2018-2019,201927,2019-07-06,1476,145617,1.0136179154906364
NY,2018-2019,201928,2019-07-13,1325,151118,0.8767982636085707
NY,2018-2019,201929,2019-07-20,1226,147434,0.8315585278836631
NY,2018-2019,201930,2019-07-27,1161,143809,0.8073208213672303
NY,2018-2019,201931,2019-08-03,1269,144342,0.8791619902731014
NY,2018-2019,201932,2019-08-10,1223,138248,0.8846420924715005
NY,2018-2019,201933,2019-08-17,1342,149451,0.8979531752882216
NY,2018-2019,201934,2019-08-24,1086,139616,0.7778478111391245
NY,2018-2019,201935,2019-08-31,1225,141176,0.8677112257040857
NY,2018-2019,201936,2019-09-07,1306,147192,0.8872764824175227
NY,2018-2019,201937,2019-09-14,1732,155580,1.1132536315721815
NY,2018-2019,201938,2019-09-21,2248,155059,1.449770732430881
NY,2018-2019,201939,2019-09-28,2285,158694,1.4398780042093589
NY,2019-2020,201940,2019-10-05,2061,158342,1.3016129643430043
NY,2019-2020,201941,2019-10-12,2030,154672,1.3124547429398985
NY,2019-2020,201942,2019-10-19,2191,153809,1.424494015304696
NY,2019-2020,201943,2019-10-26,2424,159233,1.5222975137063297
NY,2019-2020,201944,2019-11-02,2677,155787,1.718371879553493
NY,2019-2020,201945,2019-11-09,3036,155773,1.9489898762943512
NY,2019-2020,201946,2019-11-16,3081,153128,2.01204221305052
NY,2019-2020,201947,2019-11-23,3428,160001,2.142486609458691
NY,2019-2020,201948,2019-11-30,3893,143349,2.715749673872856
NY,2019-2020,201949,2019-12-07,4521,155810,2.9016109363968936
NY,2019-2020,201950,2019-12-14,5588,161471,3.4606833425197094
NY,2019-2020,201951,2019-12-21,7077,158993,4.451139358336531
NY,2019-2020,201952,2019-12-28,9792,153283,6.388183947339235
NY,2019-2020,202001,2020-01-04,10092,157988,6.387826923563815
NY,2019-2020,202002,2020-01-11,8446,153342,5.50794955067757
NY,2019-2020,202003,2020-01-18,9979,159892,6.241087734220599
NY,2019-2020,202004,2020-01-25,11983,167138,7.169524584475104
NY,2019-2020,202005,2020-02-01,12759,169208,7.540423620632594
NY,2019-2020,202006,2020-02-08,12395,170357,7.275897086706153
NY,2019-2020,202007,2020-02-15,9644,158194,6.096312123089372
NY,2019-2020,202008,2020-02-22,6902,144868,4.764337189717536
NY,2019-2020,202009,2020-02-29,5517,144953,3.806061275033976
NY,2019-2020,202010,2020-03-07,6436,143788,4.476034161404289
NY,2019-2020,202011,2020-03-14,10458,152722,6.847736409947486
NY,2019-2020,202012,2020-03-21,13188,123811,10.651719152579336
NY,2019-2020,202013,2020-03-28,12800,106565,12.011448411767466
NY,2019-2020,202014,2020-04-04,9511,96410,9.865159215848978
NY,2019-2020,202015,2020-04-11,5401,82370,6.556998907369188
NY,2019-2020,202016,2020-04-18,3173,74240,4.273976293103448
NY,2019-2020,202017,2020-04-25,1918,73904,2.5952587140073606
NY,2019-2020,202018,2020-05-02,1283,76138,1.6850981113241748
NY,2019-2020,202019,2020-05-09,819,75041,1.0914033661598326
NY,2019-2020,202020,2020-05-16,822,85221,0.9645509909529341
NY,2019-2020,202021,2020-05-23,756,90892,0.8317563701975972
NY,2019-2020,202022,2020-05-30,592,93628,0.6322894860511813
NY,2019-2020,202023,2020-06-06,545,96976,0.5619947203431777
NY,2019-2020,202024,2020-06-13,492,97455,0.5048483915653378
NY,2019-2020,202025,2020-06-20,518,103785,0.4991087344028521
NY,2019-2020,202026,2020-06-27,490,103358,0.4740803808123222
NY,2019-2020,202027,2020-07-04,493,101654,0.48497845633226433
NY,2019-2020,202028,2020-07-11,554,107221,0.5166898275524384
NY,2019-2020,202029,2020-07-18,630,105596,0.5966135080874275
NY,2019-2020,202030,2020-07-25,628,105525,0.5951196398957593
NY,2019-2020,202031,2020-08-01,844,116849,0.7222997201516487
NY,2019-2020,202032,2020-08-08,708,107456,0.6588743299583085
NY,2019-2020,202033,2020-08-15,871,118361,0.7358842862091398
NY,2019-2020,202034,2020-08-22,986,118826,0.8297847272482454
NY,2019-2020,202035,2020-08-29,1007,121010,0.8321626311875052
NY,2019-2020,202036,2020-09-05,869,119012,0.7301784693980439
NY,2019-2020,202037,2020-09-12,889,115398,0.7703773028995303
NY,2019-2020,202038,2020-09-19,996,122247,0.8147439200961986
NY,2019-2020,202039,2020-09-26,1043,122152,0.8538542144213765
NY,2020-2021,202040,2020-10-03,1145,125478,0.912510559620013
NY,2020-2021,202041,2020-10-10,1200,126406,0.9493220258532031
NY,2020-2021,202042,2020-10-17,1028,125387,0.8198617081515628
NY,2020-2021,202043,2020-10-24,1070,120448,0.8883501594048885
NY,2020-2021,202044,2020-10-31,1012,118032,0.8573946048529213
NY,2020-2021,202045,2020-11-07,1156,123196,0.9383421539660378
NY,2020-2021,202046,2020-11-14,1313,128353,1.0229601178001293
NY,2020-2021,202047,2020-11-21,1173,111902,1.0482386373791353
NY,2020-2021,202048,2020-11-28,1152,105966,1.087141158484797
NY,2020-2021,202049,2020-12-05,1213,108115,1.121953475465939
NY,2020-2021,202050,2020-12-12,1451,109344,1.327004682470003
NY,2020-2021,202051,2020-12-19,1281,105140,1.218375499334221
NY,2020-2021,202052,2020-12-26,1346,104900,1.2831267874165873
NY,2020-2021,202053,2021-01-02,1498,109164,1.3722472610017955
NY,2020-2021,202101,2021-01-09,1635,116715,1.4008482200231331
NY,2020-2021,202102,2021-01-16,1505,122729,1.2262790375542862
NY,2020-2021,202103,2021-01-23,1451,110485,1.3133004480246186
NY,2020-2021,202104,2021-01-30,1251,110360,1.1335628851032982
NY,2020-2021,202105,2021-02-06,1138,105485,1.0788263734180217
NY,2020-2021,202106,2021-02-13,1203,111083,1.0829739924200823
NY,2020-2021,202107,2021-02-20,1021,108240,0.9432742054693274
NY,2020-2021,202108,2021-02-27,1068,118273,0.9029956118471673
NY,2020-2021,202109,2021-03-06,1053,115555,0.9112543810306781
NY,2020-2021,202110,2021-03-13,1244,119586,1.0402555483083304
NY,2020-2021,202111,2021-03-20,1393,119402,1.16664712483878
NY,2020-2021,202112,2021-03-27,1317,123061,1.070200957248844
NY,2020-2021,202113,2021-04-03,1291,116958,1.1038150447169068
NY,2020-2021,202114,2021-04-10,1426,121279,1.175801251659397
NY,2020-2021,202115,2021-04-17,1280,120631,1.061087116910247
NY,2020-2021,202116,2021-04-24,1330,118107,1.1260975217387623
NY,2020-2021,202117,2021-05-01,1235,118411,1.0429774260837255
NY,2020-2021,202118,2021-05-08,1283,121535,1.055662977743037
NY,2020-2021,202119,2021-05-15,1315,118620,1.1085820266396897
NY,2020-2021,202120,2021-05-22,1417,124719,1.1361540743591594
NY,2020-2021,202121,2021-05-29,1238,122088,1.0140226721708931
NY,2020-2021,202122,2021-06-05,1298,119129,1.0895751664162379
NY,2020-2021,202123,2021-06-12,1403,129127,1.086527217390631
NY,2020-2021,202124,2021-06-19,1570,126228,1.2437810945273633
NY,2020-2021,202125,2021-06-26,1546,124705,1.2397257527765526
NY,2020-2021,202126,2021-07-03,1567,128133,1.2229480305619942
NY,2020-2021,202127,2021-07-10,1607,127183,1.2635336483649544
NY,2020-2021,202128,2021-07-17,1706,133864,1.2744277774457657
NY,2020-2021,202129,2021-07-24,1992,131538,1.5143912785658897
NY,2020-2021,202130,2021-07-31,2086,131778,1.582965290109123
NY,2020-2021,202131,2021-08-07,2159,132955,1.6238576962130042
NY,2020-2021,202132,2021-08-14,2173,134712,1.6130708474374964
NY,2020-2021,202133,2021-08-21,2198,133204,1.6501005975796523
NY,2020-2021,202134,2021-08-28,2119,132696,1.59688310122385
NY,2020-2021,202135,2021-09-04,1922,131149,1.4655086962157546
NY,2020-2021,202136,2021-09-11,2076,129169,1.6071967732195807
NY,2020-2021,202137,2021-09-18,2403,135778,1.7698007040905006
NY,2020-2021,202138,2021-09-25,2812,135152,2.080620338581745
NY,2020-2021,202139,2021-10-02,3030,127872,2.3695570570570568
NY,2021-2022,202140,2021-10-09,3194,142076,2.24809257017371
NY,2021-2022,202141,2021-10-16,2958,136042,2.1743285161935284
NY,2021-2022,202142,2021-10-23,2720,134103,2.0282916862411726
NY,2021-2022,202143,2021-10-30,2530,126563,1.999004448377488
NY,2021-2022,202144,2021-11-06,2442,113887,2.1442306848016015
NY,2021-2022,202145,2021-11-13,2974,133007,2.2359725427984993
NY,2021-2022,202146,2021-11-20,2993,135000,2.2170370370370374
NY,2021-2022,202147,2021-11-27,2804,121769,2.302720725307755
NY,2021-2022,202148,2021-12-04,3550,134385,2.6416638761766564
NY,2021-2022,202149,2021-12-11,3898,140750,2.769449378330373
NY,2021-2022,202150,2021-12-18,4754,148121,3.209538147865596
NY,2021-2022,202151,2021-12-25,6553,146160,4.4834428024083195
NY,2021-2022,202152,2022-01-01,8494,156587,5.424460523542822
NY,2021-2022,202201,2022-01-08,5207,140580,3.7039408166168726
NY,2021-2022,202202,2022-01-15,2783,116934,2.3799750286486394
NY,2021-2022,202203,2022-01-22,1829,112645,1.6236850281858937
NY,2021-2022,202204,2022-01-29,1402,107084,1.3092525494004705
NY,2021-2022,202205,2022-02-05,1056,103672,1.0185971139748438
NY,2021-2022,202206,2022-02-12,1218,116756,1.043201205933742
NY,2021-2022,202207,2022-02-19,1285,116140,1.1064232822455657
NY,2021-2022,202208,2022-02-26,1181,99258,1.189828527675351
NY,2021-2022,202209,2022-03-05,1345,120096,1.119937383426592
NY,2021-2022,202210,2022-03-12,1643,122635,1.3397480327802014
NY,2021-2022,202211,2022-03-19,2025,126491,1.600904412171617
NY,2021-2022,202212,2022-03-26,2317,127250,1.8208251473477408
NY,2021-2022,202213,2022-04-02,2796,126572,2.209019372373037
NY,2021-2022,202214,2022-04-09,3564,129093,2.7608003532337153
NY,2021-2022,202215,2022-04-16,3385,127587,2.653091615916982
NY,2021-2022,202216,2022-04-23,3023,122945,2.4588230509577453
NY,2021-2022,202217,2022-04-30,3251,131275,2.476480670348505
NY,2021-2022,202218,2022-05-07,3771,133394,2.8269637315021665
NY,2021-2022,202219,2022-05-14,4296,143248,2.9989947503630066
NY,2021-2022,202220,2022-05-21,4047,141465,2.8607782843812957
NY,2021-2022,202221,2022-05-28,3719,131847,2.82069368282934
NY,2021-2022,202222,2022-06-04,3343,133619,2.5018897013149326
NY,2021-2022,202223,2022-06-11,3355,137720,2.4361022364217253
NY,2021-2022,202224,2022-06-18,3008,128068,2.3487522253802666
NY,2021-2022,202225,2022-06-25,3019,133987,2.2532036690126658
NY,2021-2022,202226,2022-07-02,2922,130515,2.238823123778876
NY,2021-2022,202227,2022-07-09,2852,136212,2.0937949666696034
NY,2021-2022,202228,2022-07-16,2513,135703,1.8518382054928777
NY,2021-2022,202229,2022-07-23,2316,133308,1.7373300927176163
NY,2021-2022,202230,2022-07-30,2375,130329,1.8223112277390299
NY,2021-2022,202231,2022-08-06,2330,134447,1.7330249094438703
NY,2021-2022,202232,2022-08-13,2204,130566,1.688035169952361
NY,2021-2022,202233,2022-08-20,2021,127248,1.5882371432163964
NY,2021-2022,202234,2022-08-27,1789,114779,1.5586474877808658
NY,2021-2022,202235,2022-09-03,1680,125437,1.3393177451629106
NY,2021-2022,202236,2022-09-10,1805,126891,1.4224807117920104
NY,2021-2022,202237,2022-09-17,2680,135836,1.9729674018669572
NY,2021-2022,202238,2022-09-24,3377,139015,2.429234255296191
NY,2021-2022,202239,2022-10-01,3290,152472,2.1577732304947794
NY,2022-2023,202240,2022-10-08,5684,155084,3.665110520750045
NY,2022-2023,202241,2022-10-15,4722,114568,4.121569722784722
NY,2022-2023,202242,2022-10-22,6996,156852,4.460255527503635
NY,2022-2023,202243,2022-10-29,9807,195805,5.008554429151451
NY,2022-2023,202244,2022-11-05,13025,197599,6.591632548747716
NY,2022-2023,202245,2022-11-12,14096,198450,7.1030486268581505
NY,2022-2023,202246,2022-11-19,13846,188223,7.356167949719216
NY,2022-2023,202247,2022-11-26,17155,176743,9.706183554652801
NY,2022-2023,202248,2022-12-03,22337,204570,10.91900083101139
NY,2022-2023,202249,2022-12-10,20938,186854,11.205540154345103
NY,2022-2023,202250,2022-12-17,17395,174726,9.955587605736982
NY,2022-2023,202251,2022-12-24,16346,172662,9.467051233044907
NY,2022-2023,202252,2022-12-31,12970,166099,7.808596078242494
NY,2022-2023,202301,2023-01-07,10391,178998,5.805092794332897
NY,2022-2023,202302,2023-01-14,7618,166163,4.584654826886852
NY,2022-2023,202303,2023-01-21,6578,155644,4.2263113258461615
NY,2022-2023,202304,2023-01-28,6299,159902,3.9392878137859437
NY,2022-2023,202305,2023-02-04,6493,160971,4.0336458119785545
NY,2022-2023,202306,2023-02-11,6762,166997,4.04917453606951
NY,2022-2023,202307,2023-02-18,6410,167031,3.8376109823924898
NY,2022-2023,202308,2023-02-25,5567,155603,3.5776945174578896
NY,2022-2023,202309,2023-03-04,5335,155876,3.422592316969899
NY,2022-2023,202310,2023-03-11,5375,159744,3.364758613782051
NY,2022-2023,202311,2023-03-18,5715,158228,3.6118765325985285
NY,2022-2023,202312,2023-03-25,6348,163558,3.881191993054452
NY,2022-2023,202313,2023-04-01,6438,165664,3.886179254394437
NY,2022-2023,202314,2023-04-08,5528,155726,3.549824692087384
NY,2022-2023,202315,2023-04-15,4707,153201,3.072434253040124
NY,2022-2023,202316,2023-04-22,4576,167779,2.7273973500855293
NY,2022-2023,202317,2023-04-29,5011,171466,2.922445266116898
NY,2022-2023,202318,2023-05-06,4911,162269,3.0264560698593077
NY,2022-2023,202319,2023-05-13,5678,181292,3.131963903536836
NY,2022-2023,202320,2023-05-20,5626,170804,3.2938338680592962
TX,2017-2018,201740,2017-10-07,642,29816,2.15321
TX,2017-2018,201741,2017-10-14,654,29398,2.22464
TX,2017-2018,201742,2017-10-21,641,29985,2.13774
TX,2017-2018,201743,2017-10-28,710,30309,2.34254
TX,2017-2018,201744,2017-11-04,774,23849,3.24542
TX,2017-2018,201745,2017-11-11,1109,30200,3.67219
TX,2017-2018,201746,2017-11-18,1365,30884,4.41976
TX,2017-2018,201747,2017-11-25,1023,22376,4.57186
TX,2017-2018,201748,2017-12-02,1541,29259,5.26676
TX,2017-2018,201749,2017-12-09,1678,28774,5.83165
TX,2017-2018,201750,2017-12-16,2764,29508,9.36695
TX,2017-2018,201751,2017-12-23,3938,29281,13.449
TX,2017-2018,201752,2017-12-30,1830,16708,10.9528
TX,2017-2018,201801,2018-01-06,3428,27226,12.5909
TX,2017-2018,201802,2018-01-13,4047,31448,12.8689
TX,2017-2018,201803,2018-01-20,3966,30429,13.0336
TX,2017-2018,201804,2018-01-27,5203,35721,14.5657
TX,2017-2018,201805,2018-02-03,4996,35856,13.9335
TX,2017-2018,201806,2018-02-10,4450,34484,12.9045
TX,2017-2018,201807,2018-02-17,3598,32878,10.9435
TX,2017-2018,201808,2018-02-24,2638,31865,8.27868
TX,2017-2018,201809,2018-03-03,1833,30177,6.07416
TX,2017-2018,201810,2018-03-10,1286,26481,4.85631
TX,2017-2018,201811,2018-03-17,817,21955,3.72125
TX,2017-2018,201812,2018-03-24,853,27717,3.07753
TX,2017-2018,201813,2018-03-31,762,21686,3.51379
TX,2017-2018,201814,2018-04-07,530,18064,2.93401
TX,2017-2018,201815,2018-04-14,437,17818,2.45258
TX,2017-2018,201816,2018-04-21,696,28194,2.46861
TX,2017-2018,201817,2018-04-28,624,27206,2.29361
TX,2017-2018,201818,2018-05-05,570,24676,2.30994
TX,2017-2018,201819,2018-05-12,509,23488,2.16706
TX,2017-2018,201820,2018-05-19,391,23078,1.69425
TX,2017-2018,201821,2018-05-26,441,22596,1.95167
TX,2017-2018,201822,2018-06-02,334,19603,1.70382
TX,2017-2018,201823,2018-06-09,316,20021,1.57834
TX,2017-2018,201824,2018-06-16,320,20023,1.59816
TX,2017-2018,201825,2018-06-23,250,18842,1.32682
TX,2017-2018,201826,2018-06-30,288,16510,1.7444
TX,2017-2018,201827,2018-07-07,211,16578,1.27277
TX,2017-2018,201828,2018-07-14,256,18954,1.35064
TX,2017-2018,201829,2018-07-21,203,18985,1.06927
TX,2017-2018,201830,2018-07-28,197,19302,1.02062
TX,2017-2018,201831,2018-08-04,209,19883,1.05115
TX,2017-2018,201832,2018-08-11,156,11851,1.31634
TX,2017-2018,201833,2018-08-18,184,18607,0.988875
TX,2017-2018,201834,2018-08-25,270,19297,1.39918
TX,2017-2018,201835,2018-09-01,244,20236,1.20577
TX,2017-2018,201836,2018-09-08,382,19608,1.94818
TX,2017-2018,201837,2018-09-15,449,21034,2.13464
TX,2017-2018,201838,2018-09-22,465,24663,1.88542
TX,2017-2018,201839,2018-09-29,561,25773,2.1767
TX,2018-2019,201840,2018-10-06,730,28351,2.57487
TX,2018-2019,201841,2018-10-13,589,27746,2.12283
TX,2018-2019,201842,2018-10-20,607,27485,2.20848
TX,2018-2019,201843,2018-10-27,761,28826,2.63998
TX,2018-2019,201844,2018-11-03,831,28668,2.8987
TX,2018-2019,201845,2018-11-10,945,29883,3.16233
TX,2018-2019,201846,2018-11-17,973,28712,3.38883
TX,2018-2019,201847,2018-11-24,806,21960,3.67031
TX,2018-2019,201848,2018-12-01,1104,30758,3.58931
TX,2018-2019,201849,2018-12-08,1017,28454,3.57419
TX,2018-2019,201850,2018-12-15,1148,27738,4.13873
TX,2018-2019,201851,2018-12-22,1255,25338,4.95303
TX,2018-2019,201852,2018-12-29,1317,20574,6.40128
TX,2018-2019,201901,2019-01-05,1244,24340,5.11093
TX,2018-2019,201902,2019-01-12,1331,28543,4.66314
TX,2018-2019,201903,2019-01-19,1621,29076,5.57504
TX,2018-2019,201904,2019-01-26,2092,29554,7.07857
TX,2018-2019,201905,2019-02-02,2684,31267,8.58413
TX,2018-2019,201906,2019-02-09,3363,33084,10.165
TX,2018-2019,201907,2019-02-16,3277,32118,10.203
TX,2018-2019,201908,2019-02-23,2912,31515,9.24004
TX,2018-2019,201909,2019-03-02,3055,31990,9.54986
TX,2018-2019,201910,2019-03-09,2734,31343,8.72284
TX,2018-2019,201911,2019-03-16,2109,26992,7.81343
TX,2018-2019,201912,2019-03-23,1764,30442,5.79463
TX,2018-2019,201913,2019-03-30,1411,28825,4.89506
TX,2018-2019,201914,2019-04-06,1232,27964,4.40566
TX,2018-2019,201915,2019-04-13,1152,29229,3.94129
TX,2018-2019,201916,2019-04-20,929,27143,3.42261
TX,2018-2019,201917,2019-04-27,657,24247,2.70961
TX,2018-2019,201918,2019-05-04,722,28211,2.55929
TX,2018-2019,201919,2019-05-11,620,24747,2.50535
TX,2018-2019,201920,2019-05-18,597,23869,2.50115
TX,2018-2019,201921,2019-05-25,507,17519,2.894
TX,2018-2019,201922,2019-06-01,442,19918,2.2191
TX,2018-2019,201923,2019-06-08,474,21463,2.20845
TX,2018-2019,201924,2019-06-15,461,20432,2.25626
TX,2018-2019,201925,2019-06-22,407,20435,1.99168
TX,2018-2019,201926,2019-06-29,300,15471,1.93911
TX,2018-2019,201927,2019-07-06,328,18187,1.80349
TX,2018-2019,201928,2019-07-13,254,15531,1.63544
TX,2018-2019,201929,2019-07-20,281,20791,1.35155
TX,2018-2019,201930,2019-07-27,317,20060,1.58026
TX,2018-2019,201931,2019-08-03,281,21000,1.3381
TX,2018-2019,201932,2019-08-10,253,21374,1.18368
TX,2018-2019,201933,2019-08-17,198,22518,0.879297
TX,2018-2019,201934,2019-08-24,298,23482,1.26906
TX,2018-2019,201935,2019-08-31,450,24437,1.84147
TX,2018-2019,201936,2019-09-07,451,23639,1.90786
TX,2018-2019,201937,2019-09-14,549,25594,2.14503
TX,2018-2019,201938,2019-09-21,390,21210,1.83876
TX,2018-2019,201939,2019-09-28,530,25424,2.08464
TX,2019-2020,201940,2019-10-05,640,29908,2.1399
TX,2019-2020,201941,2019-10-12,759,29847,2.54297
TX,2019-2020,201942,2019-10-19,768,30084,2.55285
TX,2019-2020,201943,2019-10-26,987,30475,3.23872
TX,2019-2020,201944,2019-11-02,1124,30361,3.70212
TX,2019-2020,201945,2019-11-09,1501,31701,4.73487
TX,2019-2020,201946,2019-11-16,1456,30398,4.78979
TX,2019-2020,201947,2019-11-23,2114,32525,6.49962
TX,2019-2020,201948,2019-11-30,1783,24299,7.33775
TX,2019-2020,201949,2019-12-07,1902,31345,6.06795
TX,2019-2020,201950,2019-12-14,2124,24503,8.66833
TX,2019-2020,201951,2019-12-21,2605,22144,11.7639
TX,2019-2020,201952,2019-12-28,2349,15382,15.2711
TX,2019-2020,202001,2020-01-04,2933,26226,11.1836
TX,2019-2020,202002,2020-01-11,3008,30059,10.007
TX,2019-2020,202003,2020-01-18,3100,29245,10.6001
TX,2019-2020,202004,2020-01-25,3459,31992,10.8121
TX,2019-2020,202005,2020-02-01,3818,34044,11.2149
TX,2019-2020,202006,2020-02-08,3100,28706,10.7991
TX,2019-2020,202007,2020-02-15,3098,32005,9.67974
TX,2019-2020,202008,2020-02-22,2902,32299,8.9848
TX,2019-2020,202009,2020-02-29,2458,31644,7.76767
TX,2019-2020,202010,2020-03-07,2415,29940,8.06613
TX,2019-2020,202011,2020-03-14,1792,25698,6.97331
TX,2019-2020,202012,2020-03-21,1921,23487,8.17899
TX,2019-2020,202013,2020-03-28,730,15413,4.73626
TX,2019-2020,202014,2020-04-04,401,11781,3.40379
TX,2019-2020,202015,2020-04-11,344,11647,2.95355
TX,2019-2020,202016,2020-04-18,232,10970,2.11486
TX,2019-2020,202017,2020-04-25,216,10736,2.01192
TX,2019-2020,202018,2020-05-02,128,8496,1.50659
TX,2019-2020,202019,2020-05-09,156,12120,1.28713
TX,2019-2020,202020,2020-05-16,153,13248,1.15489
TX,2019-2020,202021,2020-05-23,152,12982,1.17085
TX,2019-2020,202022,2020-05-30,141,11959,1.17903
TX,2019-2020,202023,2020-06-06,188,14508,1.29584
TX,2019-2020,202024,2020-06-13,178,11991,1.48445
TX,2019-2020,202025,2020-06-20,267,17005,1.57013
TX,2019-2020,202026,2020-06-27,348,17359,2.00472
TX,2019-2020,202027,2020-07-04,185,8015,2.30817
TX,2019-2020,202028,2020-07-11,339,16909,2.00485
TX,2019-2020,202029,2020-07-18,300,15503,1.93511
TX,2019-2020,202030,2020-07-25,279,15882,1.75671
TX,2019-2020,202031,2020-08-01,192,14813,1.29616
TX,2019-2020,202032,2020-08-08,225,17324,1.29878
TX,2019-2020,202033,2020-08-15,180,15909,1.13144
TX,2019-2020,202034,2020-08-22,89,8006,1.11167
TX,2019-2020,202035,2020-08-29,70,8628,0.811312
TX,2019-2020,202036,2020-09-05,81,8465,0.956881
TX,2019-2020,202037,2020-09-12,177,12755,1.38769
TX,2019-2020,202038,2020-09-19,106,8788,1.20619
TX,2019-2020,202039,2020-09-26,505,40047,1.26102
TX,2020-2021,202040,2020-10-03,565,41933,1.34739
TX,2020-2021,202041,2020-10-10,751,50429,1.48922
TX,2020-2021,202042,2020-10-17,745,48710,1.52946
TX,2020-2021,202043,2020-10-24,614,42609,1.44101
TX,2020-2021,202044,2020-10-31,720,46159,1.55983
TX,2020-2021,202045,2020-11-07,905,50804,1.78136
TX,2020-2021,202046,2020-11-14,1038,53186,1.95164
TX,2020-2021,202047,2020-11-21,936,50873,1.83988
TX,2020-2021,202048,2020-11-28,801,42465,1.88626
TX,2020-2021,202049,2020-12-05,794,45075,1.76151
TX,2020-2021,202050,2020-12-12,834,49791,1.675
TX,2020-2021,202051,2020-12-19,638,37525,1.7002
TX,2020-2021,202052,2020-12-26,722,40748,1.77187
TX,2020-2021,202053,2021-01-02,739,39032,1.89332
TX,2020-2021,202101,2021-01-09,872,52244,1.66909
TX,2020-2021,202102,2021-01-16,539,40913,1.31743
TX,2020-2021,202103,2021-01-23,766,48554,1.57762
TX,2020-2021,202104,2021-01-30,594,42326,1.40339
TX,2020-2021,202105,2021-02-06,1196,49396,2.42125
TX,2020-2021,202106,2021-02-13,183,11117,1.64613
TX,2020-2021,202107,2021-02-20,44,2089,2.10627
TX,2020-2021,202108,2021-02-27,450,44452,1.01233
TX,2020-2021,202109,2021-03-06,391,46514,0.840607
TX,2020-2021,202110,2021-03-13,348,36336,0.957728
TX,2020-2021,202111,2021-03-20,459,45077,1.01826
TX,2020-2021,202112,2021-03-27,433,42008,1.03076
TX,2020-2021,202113,2021-04-03,546,49683,1.09897
TX,2020-2021,202114,2021-04-10,753,52335,1.43881
TX,2020-2021,202115,2021-04-17,735,53606,1.37112
TX,2020-2021,202116,2021-04-24,657,43772,1.50096
TX,2020-2021,202117,2021-05-01,776,53707,1.44488
TX,2020-2021,202118,2021-05-08,743,55093,1.34863
TX,2020-2021,202119,2021-05-15,813,51869,1.56741
TX,2020-2021,202120,2021-05-22,799,46812,1.70683
TX,2020-2021,202121,2021-05-29,718,46828,1.53327
TX,2020-2021,202122,2021-06-05,759,46460,1.63366
TX,2020-2021,202123,2021-06-12,685,42871,1.59782
TX,2020-2021,202124,2021-06-19,785,44780,1.75301
TX,2020-2021,202125,2021-06-26,806,44532,1.80993
TX,2020-2021,202126,2021-07-03,734,43378,1.6921
TX,2020-2021,202127,2021-07-10,935,48569,1.9251
TX,2020-2021,202128,2021-07-17,1043,51081,2.04186
TX,2020-2021,202129,2021-07-24,1254,52766,2.37653
TX,2020-2021,202130,2021-07-31,1410,54882,2.56915
TX,2020-2021,202131,2021-08-07,1441,53344,2.70133
TX,2020-2021,202132,2021-08-14,1536,59213,2.59402
TX,2020-2021,202133,2021-08-21,1479,52725,2.80512
TX,2020-2021,202134,2021-08-28,1864,56255,3.31348
TX,2020-2021,202135,2021-09-04,1773,52411,3.38288
TX,2020-2021,202136,2021-09-11,1402,44299,3.16486
TX,2020-2021,202137,2021-09-18,1387,50951,2.72222
TX,2020-2021,202138,2021-09-25,1163,51242,2.26962
TX,2020-2021,202139,2021-10-02,1123,50653,2.21705
TX,2021-2022,202140,2021-10-09,1314,54174,2.42552
TX,2021-2022,202141,2021-10-16,1157,52473,2.20494
TX,2021-2022,202142,2021-10-23,1150,51810,2.21965
TX,2021-2022,202143,2021-10-30,1089,47456,2.29476
TX,2021-2022,202144,2021-11-06,1290,51930,2.48411
TX,2021-2022,202145,2021-11-13,1443,56512,2.55344
TX,2021-2022,202146,2021-11-20,1811,53435,3.38916
TX,2021-2022,202147,2021-11-27,1404,44711,3.14017
TX,2021-2022,202148,2021-12-04,1331,53354,2.49466
TX,2021-2022,202149,2021-12-11,1663,54075,3.07536
TX,2021-2022,202150,2021-12-18,1833,49403,3.7103
TX,2021-2022,202151,2021-12-25,1801,48133,3.74172
TX,2021-2022,202152,2022-01-01,3378,63588,5.31232
TX,2021-2022,202201,2022-01-08,3882,63011,6.16083
TX,2021-2022,202202,2022-01-15,3413,59275,5.75791
TX,2021-2022,202203,2022-01-22,2491,51241,4.86134
TX,2021-2022,202204,2022-01-29,1611,49576,3.24956
TX,2021-2022,202205,2022-02-05,1023,40096,2.55138
TX,2021-2022,202206,2022-02-12,1001,45228,2.21323
TX,2021-2022,202207,2022-02-19,1217,48526,2.50793
TX,2021-2022,202208,2022-02-26,1199,47900,2.50313
TX,2021-2022,202209,2022-03-05,1425,46175,3.08609
TX,2021-2022,202210,2022-03-12,1642,48989,3.35177
TX,2021-2022,202211,2022-03-19,1576,48852,3.22607
TX,2021-2022,202212,2022-03-26,1547,51138,3.02515
TX,2021-2022,202213,2022-04-02,1605,55250,2.90498
TX,2021-2022,202214,2022-04-09,1498,59889,2.50129
TX,2021-2022,202215,2022-04-16,1394,57709,2.41557
TX,2021-2022,202216,2022-04-23,1400,57675,2.42739
TX,2021-2022,202217,2022-04-30,2153,92605,2.32493
TX,2021-2022,202218,2022-05-07,1330,58360,2.27896
TX,2021-2022,202219,2022-05-14,2053,88140,2.32925
TX,2021-2022,202220,2022-05-21,1396,61708,2.26227
TX,2021-2022,202221,2022-05-28,2040,96380,2.11662
TX,2021-2022,202222,2022-06-04,1378,54317,2.53696
TX,2021-2022,202223,2022-06-11,1336,53955,2.47614
TX,2021-2022,202224,2022-06-18,1269,53844,2.35681
TX,2021-2022,202225,2022-06-25,1143,53976,2.11761
TX,2021-2022,202226,2022-07-02,1077,45484,2.36787
TX,2021-2022,202227,2022-07-09,1290,48850,2.64074
TX,2021-2022,202228,2022-07-16,1191,50318,2.36695
TX,2021-2022,202229,2022-07-23,1231,49863,2.46876
TX,2021-2022,202230,2022-07-30,1170,46845,2.4976
TX,2021-2022,202231,2022-08-06,956,49122,1.94617
TX,2021-2022,202232,2022-08-13,892,48530,1.83804
TX,2021-2022,202233,2022-08-20,1130,50453,2.23971
TX,2021-2022,202234,2022-08-27,1811,53420,3.39012
TX,2021-2022,202235,2022-09-03,2122,52459,4.04506
TX,2021-2022,202236,2022-09-10,1930,49149,3.92683
TX,2021-2022,202237,2022-09-17,1948,51677,3.76957
TX,2021-2022,202238,2022-09-24,2621,55764,4.70016
TX,2021-2022,202239,2022-10-01,2372,54251,4.37227
TX,2022-2023,202240,2022-10-08,2654,56551,4.69311
TX,2022-2023,202241,2022-10-15,3328,61532,5.40857
TX,2022-2023,202242,2022-10-22,3720,61711,6.0281
TX,2022-2023,202243,2022-10-29,5069,65582,7.72925
TX,2022-2023,202244,2022-11-05,5726,66979,8.54895
TX,2022-2023,202245,2022-11-12,5063,51247,9.8796
TX,2022-2023,202246,2022-11-19,3677,37234,9.87538
TX,2022-2023,202247,2022-11-26,4948,53884,9.18269
TX,2022-2023,202248,2022-12-03,5139,62945,8.16427
TX,2022-2023,202249,2022-12-10,4644,58728,7.90764
TX,2022-2023,202250,2022-12-17,4013,56856,7.05818
TX,2022-2023,202251,2022-12-24,3075,45932,6.69468
TX,2022-2023,202252,2022-12-31,3871,58798,6.58356
TX,2022-2023,202301,2023-01-07,2751,52031,5.28723
TX,2022-2023,202302,2023-01-14,2443,59270,4.12182
TX,2022-2023,202303,2023-01-21,2107,56853,3.70605
TX,2022-2023,202304,2023-01-28,2048,53582,3.82218
TX,2022-2023,202305,2023-02-04,1633,46500,3.51183
TX,2022-2023,202306,2023-02-11,1878,55767,3.36758
TX,2022-2023,202307,2023-02-18,1666,51396,3.2415
TX,2022-2023,202308,2023-02-25,1711,57279,2.98713
TX,2022-2023,202309,2023-03-04,1843,61043,3.01918
TX,2022-2023,202310,2023-03-11,1778,59486,2.98894
TX,2022-2023,202311,2023-03-18,1336,54467,2.45286
TX,2022-2023,202312,2023-03-25,1255,54876,2.28697
TX,2022-2023,202313,2023-04-01,1424,58438,2.43677
TX,2022-2023,202314,2023-04-08,1406,54501,2.57977
TX,2022-2023,202315,2023-04-15,1520,59400,2.55892
TX,2022-2023,202316,2023-04-22,1671,62146,2.68883
TX,2022-2023,202317,2023-04-29,1593,61546,2.58831
TX,2022-2023,202318,2023-05-06,1674,57536,2.90948
TX,2022-2023,202319,2023-05-13,1511,58664,2.57569
TX,2022-2023,202320,2023-05-20,1165,44009,2.64719
WA,2017-2018,201740,2017-10-07,12,6107,0.196496
WA,2017-2018,201741,2017-10-14,28,9568,0.292642
WA,2017-2018,201742,2017-10-21,44,10189,0.431838
WA,2017-2018,201743,2017-10-28,17,5830,0.291595
WA,2017-2018,201744,2017-11-04,49,8397,0.583542
WA,2017-2018,201745,2017-11-11,55,8703,0.631966
WA,2017-2018,201746,2017-11-18,43,7755,0.554481
WA,2017-2018,201747,2017-11-25,56,6824,0.820633
WA,2017-2018,201748,2017-12-02,70,9363,0.747624
WA,2017-2018,201749,2017-12-09,20,5236,0.381971
WA,2017-2018,201750,2017-12-16,25,4923,0.50782
WA,2017-2018,201751,2017-12-23,39,3665,1.06412
WA,2017-2018,201752,2017-12-30,257,5465,4.70265
WA,2017-2018,201801,2018-01-06,267,5190,5.14451
WA,2017-2018,201802,2018-01-13,352,8984,3.91808
WA,2017-2018,201803,2018-01-20,286,8338,3.43008
WA,2017-2018,201804,2018-01-27,345,9108,3.78788
WA,2017-2018,201805,2018-02-03,247,8256,2.99176
WA,2017-2018,201806,2018-02-10,210,8770,2.39453
WA,2017-2018,201807,2018-02-17,181,8462,2.13897
WA,2017-2018,201808,2018-02-24,176,7713,2.28186
WA,2017-2018,201809,2018-03-03,123,6278,1.95922
WA,2017-2018,201810,2018-03-10,93,5661,1.64282
WA,2017-2018,201811,2018-03-17,114,4724,2.41321
WA,2017-2018,201812,2018-03-24,113,5873,1.92406
WA,2017-2018,201813,2018-03-31,86,5487,1.56734
WA,2017-2018,201814,2018-04-07,79,6105,1.29402
WA,2017-2018,201815,2018-04-14,50,6012,0.83167
WA,2017-2018,201816,2018-04-21,47,6166,0.762245
WA,2017-2018,201817,2018-04-28,21,5727,0.366684
WA,2017-2018,201818,2018-05-05,23,5775,0.398268
WA,2017-2018,201819,2018-05-12,25,5114,0.488854
WA,2017-2018,201820,2018-05-19,21,5015,0.418744
WA,2017-2018,201821,2018-05-26,11,4653,0.236407
WA,2017-2018,201822,2018-06-02,1,983,0.101729
WA,2017-2018,201823,2018-06-09,1,789,0.126743
WA,2017-2018,201824,2018-06-16,13,4309,0.301694
WA,2017-2018,201825,2018-06-23,14,4159,0.336619
WA,2017-2018,201826,2018-06-30,19,3996,0.475475
WA,2017-2018,201827,2018-07-07,12,3870,0.310078
WA,2017-2018,201828,2018-07-14,8,3887,0.205814
WA,2017-2018,201829,2018-07-21,9,3988,0.225677
WA,2017-2018,201830,2018-07-28,11,3810,0.288714
WA,2017-2018,201831,2018-08-04,5,3716,0.134553
WA,2017-2018,201832,2018-08-11,8,3057,0.261694
WA,2017-2018,201833,2018-08-18,5,3738,0.133761
WA,2017-2018,201834,2018-08-25,8,4709,0.169887
WA,2017-2018,201835,2018-09-01,7,3825,0.183007
WA,2017-2018,201836,2018-09-08,12,4629,0.259235
WA,2017-2018,201837,2018-09-15,17,5014,0.339051
WA,2017-2018,201838,2018-09-22,20,4889,0.409082
WA,2017-2018,201839,2018-09-29,11,4907,0.22417
WA,2018-2019,201840,2018-10-06,24,7023,0.341734
WA,2018-2019,201841,2018-10-13,37,7284,0.507963
WA,2018-2019,201842,2018-10-20,21,6497,0.323226
WA,2018-2019,201843,2018-10-27,31,6769,0.45797
WA,2018-2019,201844,2018-11-03,27,6414,0.420954
WA,2018-2019,201845,2018-11-10,30,6054,0.49554
WA,2018-2019,201846,2018-11-17,29,5948,0.487559
WA,2018-2019,201847,2018-11-24,30,4027,0.744971
WA,2018-2019,201848,2018-12-01,40,6009,0.665668
WA,2018-2019,201849,2018-12-08,33,5422,0.608632
WA,2018-2019,201850,2018-12-15,41,5541,0.739939
WA,2018-2019,201851,2018-12-22,39,4199,0.928793
WA,2018-2019,201852,2018-12-29,45,3417,1.31694
WA,2018-2019,201901,2019-01-05,57,4112,1.38619
WA,2018-2019,201902,2019-01-12,82,5636,1.45493
WA,2018-2019,201903,2019-01-19,94,5847,1.60766
WA,2018-2019,201904,2019-01-26,102,5427,1.87949
WA,2018-2019,201905,2019-02-02,132,6136,2.15124
WA,2018-2019,201906,2019-02-09,103,4754,2.1666
WA,2018-2019,201907,2019-02-16,165,4957,3.32863
WA,2018-2019,201908,2019-02-23,130,5853,2.22108
WA,2018-2019,201909,2019-03-02,138,6154,2.24244
WA,2018-2019,201910,2019-03-09,199,6051,3.28871
WA,2018-2019,201911,2019-03-16,232,5049,4.59497
WA,2018-2019,201912,2019-03-23,221,5858,3.77262
WA,2018-2019,201913,2019-03-30,138,5900,2.33898
WA,2018-2019,201914,2019-04-06,80,5444,1.46951
WA,2018-2019,201915,2019-04-13,49,5717,0.857093
WA,2018-2019,201916,2019-04-20,42,5941,0.706952
WA,2018-2019,201917,2019-04-27,24,5838,0.4111
WA,2018-2019,201918,2019-05-04,29,5225,0.555024
WA,2018-2019,201919,2019-05-11,25,4906,0.50958
WA,2018-2019,201920,2019-05-18,18,4692,0.383632
WA,2018-2019,201921,2019-05-25,22,4333,0.507731
WA,2018-2019,201922,2019-06-01,23,3849,0.597558
WA,2018-2019,201923,2019-06-08,23,4231,0.543607
WA,2018-2019,201924,2019-06-15,13,3792,0.342827
WA,2018-2019,201925,2019-06-22,10,3843,0.260213
WA,2018-2019,201926,2019-06-29,7,3826,0.182959
WA,2018-2019,201927,2019-07-06,19,3519,0.539926
WA,2018-2019,201928,2019-07-13,13,3674,0.353838
WA,2018-2019,201929,2019-07-20,10,3773,0.265041
WA,2018-2019,201930,2019-07-27,13,3772,0.344645
WA,2018-2019,201931,2019-08-03,7,3791,0.184648
WA,2018-2019,201932,2019-08-10,9,3776,0.238347
WA,2018-2019,201933,2019-08-17,3,3981,0.075358
WA,2018-2019,201934,2019-08-24,17,4538,0.374614
WA,2018-2019,201935,2019-08-31,4,4513,0.0886328
WA,2018-2019,201936,2019-09-07,8,4611,0.173498
WA,2018-2019,201937,2019-09-14,13,4728,0.274958
WA,2018-2019,201938,2019-09-21,0,1399,0
WA,2018-2019,201939,2019-09-28,21,4286,0.489967
WA,2019-2020,201940,2019-10-05,206,21274,0.968318
WA,2019-2020,201941,2019-10-12,258,21356,1.20809
WA,2019-2020,201942,2019-10-19,286,21625,1.32254
WA,2019-2020,201943,2019-10-26,222,21386,1.03806
WA,2019-2020,201944,2019-11-02,263,20632,1.27472
WA,2019-2020,201945,2019-11-09,245,17730,1.38184
WA,2019-2020,201946,2019-11-16,310,17361,1.78561
WA,2019-2020,201947,2019-11-23,602,22304,2.69907
WA,2019-2020,201948,2019-11-30,427,11979,3.56457
WA,2019-2020,201949,2019-12-07,980,22511,4.35343
WA,2019-2020,201950,2019-12-14,1328,22946,5.7875
WA,2019-2020,201951,2019-12-21,1516,21629,7.00911
WA,2019-2020,201952,2019-12-28,1907,22110,8.62506
WA,2019-2020,202001,2020-01-04,1449,20298,7.13863
WA,2019-2020,202002,2020-01-11,1075,22028,4.88015
WA,2019-2020,202003,2020-01-18,853,20215,4.21964
WA,2019-2020,202004,2020-01-25,966,21871,4.41681
WA,2019-2020,202005,2020-02-01,1044,22260,4.69003
WA,2019-2020,202006,2020-02-08,910,21715,4.19065
WA,2019-2020,202007,2020-02-15,889,22142,4.01499
WA,2019-2020,202008,2020-02-22,807,20111,4.01273
WA,2019-2020,202009,2020-02-29,947,21855,4.3331
WA,2019-2020,202010,2020-03-07,1406,21359,6.58271
WA,2019-2020,202011,2020-03-14,1272,19479,6.53011
WA,2019-2020,202012,2020-03-21,954,15366,6.20851
WA,2019-2020,202013,2020-03-28,509,12805,3.97501
WA,2019-2020,202014,2020-04-04,282,11446,2.46374
WA,2019-2020,202015,2020-04-11,184,11624,1.58293
WA,2019-2020,202016,2020-04-18,137,11590,1.18205
WA,2019-2020,202017,2020-04-25,138,12838,1.07493
WA,2019-2020,202018,2020-05-02,130,13401,0.970077
WA,2019-2020,202019,2020-05-09,116,13787,0.841372
WA,2019-2020,202020,2020-05-16,87,14020,0.620542
WA,2019-2020,202021,2020-05-23,85,14818,0.573627
WA,2019-2020,202022,2020-05-30,97,15441,0.628198
WA,2019-2020,202023,2020-06-06,89,15473,0.575196
WA,2019-2020,202024,2020-06-13,90,15749,0.571465
WA,2019-2020,202025,2020-06-20,75,16748,0.447815
WA,2019-2020,202026,2020-06-27,93,16698,0.556953
WA,2019-2020,202027,2020-07-04,117,17187,0.680747
WA,2019-2020,202028,2020-07-11,113,17265,0.654503
WA,2019-2020,202029,2020-07-18,123,17233,0.713747
WA,2019-2020,202030,2020-07-25,100,17861,0.559879
WA,2019-2020,202031,2020-08-01,108,17295,0.624458
WA,2019-2020,202032,2020-08-08,85,17173,0.494963
WA,2019-2020,202033,2020-08-15,97,16961,0.5719
WA,2019-2020,202034,2020-08-22,106,17765,0.596679
WA,2019-2020,202035,2020-08-29,76,17155,0.44302
WA,2019-2020,202036,2020-09-05,99,16653,0.594487
WA,2019-2020,202037,2020-09-12,103,15878,0.648696
WA,2019-2020,202038,2020-09-19,90,16896,0.53267
WA,2019-2020,202039,2020-09-26,116,16806,0.69023
WA,2020-2021,202040,2020-10-03,112,16947,0.660884
WA,2020-2021,202041,2020-10-10,140,17847,0.784446
WA,2020-2021,202042,2020-10-17,88,16824,0.523062
WA,2020-2021,202043,2020-10-24,96,15601,0.615345
WA,2020-2021,202044,2020-10-31,137,16504,0.830102
WA,2020-2021,202045,2020-11-07,129,16454,0.784004
WA,2020-2021,202046,2020-11-14,151,16517,0.91421
WA,2020-2021,202047,2020-11-21,160,16532,0.96782
WA,2020-2021,202048,2020-11-28,146,15830,0.922299
WA,2020-2021,202049,2020-12-05,119,15948,0.746175
WA,2020-2021,202050,2020-12-12,123,15954,0.770967
WA,2020-2021,202051,2020-12-19,142,15861,0.895278
WA,2020-2021,202052,2020-12-26,124,15251,0.813061
WA,2020-2021,202053,2021-01-02,128,16410,0.780012
WA,2020-2021,202101,2021-01-09,89,16662,0.53415
WA,2020-2021,202102,2021-01-16,130,16416,0.79191
WA,2020-2021,202103,2021-01-23,99,16416,0.60307
WA,2020-2021,202104,2021-01-30,88,16741,0.525656
WA,2020-2021,202105,2021-02-06,90,16981,0.530004
WA,2020-2021,202106,2021-02-13,90,13934,0.645902
WA,2020-2021,202107,2021-02-20,83,16418,0.505543
WA,2020-2021,202108,2021-02-27,89,16500,0.539394
WA,2020-2021,202109,2021-03-06,83,16561,0.501177
WA,2020-2021,202110,2021-03-13,69,16882,0.408719
WA,2020-2021,202111,2021-03-20,98,17468,0.561026
WA,2020-2021,202112,2021-03-27,106,17668,0.599955
WA,2020-2021,202113,2021-04-03,100,18144,0.551146
WA,2020-2021,202114,2021-04-10,210,31224,0.67256
WA,2020-2021,202115,2021-04-17,246,35248,0.697912
WA,2020-2021,202116,2021-04-24,239,36561,0.653702
WA,2020-2021,202117,2021-05-01,279,36102,0.77281
WA,2020-2021,202118,2021-05-08,253,35461,0.71346
WA,2020-2021,202119,2021-05-15,256,35595,0.719202
WA,2020-2021,202120,2021-05-22,265,34972,0.757749
WA,2020-2021,202121,2021-05-29,243,34410,0.70619
WA,2020-2021,202122,2021-06-05,215,34863,0.6167
WA,2020-2021,202123,2021-06-12,243,34759,0.6991
WA,2020-2021,202124,2021-06-19,259,35220,0.735378
WA,2020-2021,202125,2021-06-26,271,35697,0.759167
WA,2020-2021,202126,2021-07-03,268,37725,0.710404
WA,2020-2021,202127,2021-07-10,267,36017,0.741317
WA,2020-2021,202128,2021-07-17,277,35928,0.770986
WA,2020-2021,202129,2021-07-24,345,35711,0.966089
WA,2020-2021,202130,2021-07-31,361,37349,0.966559
WA,2020-2021,202131,2021-08-07,421,38121,1.10438
WA,2020-2021,202132,2021-08-14,493,39460,1.24937
WA,2020-2021,202133,2021-08-21,492,38922,1.26407
WA,2020-2021,202134,2021-08-28,464,37841,1.22618
WA,2020-2021,202135,2021-09-04,497,37535,1.3241
WA,2020-2021,202136,2021-09-11,478,37295,1.28167
WA,2020-2021,202137,2021-09-18,511,36065,1.41689
WA,2020-2021,202138,2021-09-25,555,36979,1.50085
WA,2020-2021,202139,2021-10-02,548,36347,1.50769
WA,2021-2022,202140,2021-10-09,545,35561,1.53258
WA,2021-2022,202141,2021-10-16,535,34411,1.55474
WA,2021-2022,202142,2021-10-23,526,34307,1.53321
WA,2021-2022,202143,2021-10-30,496,33151,1.49618
WA,2021-2022,202144,2021-11-06,531,32948,1.61163
WA,2021-2022,202145,2021-11-13,520,32041,1.62292
WA,2021-2022,202146,2021-11-20,574,31756,1.80753
WA,2021-2022,202147,2021-11-27,464,28091,1.65177
WA,2021-2022,202148,2021-12-04,591,31788,1.85919
WA,2021-2022,202149,2021-12-11,550,32197,1.70823
WA,2021-2022,202150,2021-12-18,592,33731,1.75506
WA,2021-2022,202151,2021-12-25,678,31582,2.14679
WA,2021-2022,202152,2022-01-01,897,33374,2.68772
WA,2021-2022,202201,2022-01-08,1367,41049,3.33017
WA,2021-2022,202202,2022-01-15,1225,40451,3.02836
WA,2021-2022,202203,2022-01-22,800,31384,2.54907
WA,2021-2022,202204,2022-01-29,690,33694,2.04784
WA,2021-2022,202205,2022-02-05,402,31943,1.25849
WA,2021-2022,202206,2022-02-12,386,32141,1.20096
WA,2021-2022,202207,2022-02-19,342,32432,1.05451
WA,2021-2022,202208,2022-02-26,288,31619,0.910845
WA,2021-2022,202209,2022-03-05,329,31662,1.0391
WA,2021-2022,202210,2022-03-12,389,33147,1.17356
WA,2021-2022,202211,2022-03-19,419,33247,1.26026
WA,2021-2022,202212,2022-03-26,569,35218,1.61565
WA,2021-2022,202213,2022-04-02,585,34929,1.67483
WA,2021-2022,202214,2022-04-09,526,32875,1.6
WA,2021-2022,202215,2022-04-16,578,34693,1.66604
WA,2021-2022,202216,2022-04-23,764,35995,2.12252
WA,2021-2022,202217,2022-04-30,951,37064,2.56583
WA,2021-2022,202218,2022-05-07,971,36985,2.62539
WA,2021-2022,202219,2022-05-14,992,37217,2.66545
WA,2021-2022,202220,2022-05-21,1051,38058,2.76157
WA,2021-2022,202221,2022-05-28,1103,39147,2.81759
WA,2021-2022,202222,2022-06-04,997,37383,2.66699
WA,2021-2022,202223,2022-06-11,847,37415,2.2638
WA,2021-2022,202224,2022-06-18,734,36118,2.03223
WA,2021-2022,202225,2022-06-25,775,37417,2.07125
WA,2021-2022,202226,2022-07-02,631,37997,1.66066
WA,2021-2022,202227,2022-07-09,513,36161,1.41866
WA,2021-2022,202228,2022-07-16,469,36637,1.28013
WA,2021-2022,202229,2022-07-23,377,35440,1.06377
WA,2021-2022,202230,2022-07-30,359,35562,1.0095
WA,2021-2022,202231,2022-08-06,337,35668,0.944824
WA,2021-2022,202232,2022-08-13,315,35333,0.891518
WA,2021-2022,202233,2022-08-20,316,34728,0.909929
WA,2021-2022,202234,2022-08-27,300,35178,0.852806
WA,2021-2022,202235,2022-09-03,279,34877,0.799954
WA,2021-2022,202236,2022-09-10,355,34180,1.03862
WA,2021-2022,202237,2022-09-17,438,35674,1.22778
WA,2021-2022,202238,2022-09-24,513,36561,1.40313
WA,2021-2022,202239,2022-10-01,560,46014,1.21702
WA,2022-2023,202240,2022-10-08,356,33802,1.05319
WA,2022-2023,202241,2022-10-15,495,42077,1.17641
WA,2022-2023,202242,2022-10-22,426,25384,1.67822
WA,2022-2023,202243,2022-10-29,887,43257,2.05054
WA,2022-2023,202244,2022-11-05,1364,47096,2.89621
WA,2022-2023,202245,2022-11-12,2227,47885,4.65073
WA,2022-2023,202246,2022-11-19,3563,47539,7.4949
WA,2022-2023,202247,2022-11-26,5945,45967,12.9332
WA,2022-2023,202248,2022-12-03,6043,51505,11.7328
WA,2022-2023,202249,2022-12-10,5284,49549,10.6642
WA,2022-2023,202250,2022-12-17,4365,48328,9.03203
WA,2022-2023,202251,2022-12-24,2927,40382,7.24828
WA,2022-2023,202252,2022-12-31,1955,41138,4.7523
WA,2022-2023,202301,2023-01-07,1251,42248,2.96109
WA,2022-2023,202302,2023-01-14,819,44142,1.85538
WA,2022-2023,202303,2023-01-21,627,42254,1.48388
WA,2022-2023,202304,2023-01-28,639,44340,1.44114
WA,2022-2023,202305,2023-02-04,623,44457,1.40135
WA,2022-2023,202306,2023-02-11,687,45841,1.49866
WA,2022-2023,202307,2023-02-18,657,45518,1.44339
WA,2022-2023,202308,2023-02-25,569,34949,1.62809
WA,2022-2023,202309,2023-03-04,647,45841,1.4114
WA,2022-2023,202310,2023-03-11,676,46575,1.45142
WA,2022-2023,202311,2023-03-18,718,46700,1.53747
WA,2022-2023,202312,2023-03-25,735,47857,1.53583
WA,2022-2023,202313,2023-04-01,717,47294,1.51605
WA,2022-2023,202314,2023-04-08,648,43970,1.47373
WA,2022-2023,202315,2023-04-15,569,45878,1.24025
WA,2022-2023,202316,2023-04-22,594,46083,1.28898
WA,2022-2023,202317,2023-04-29,548,45809,1.19627
WA,2022-2023,202318,2023-05-06,510,45862,1.11203
WA,2022-2023,202319,2023-05-13,495,45548,1.08677
WA,2022-2023,202320,2023-05-20,492,46732,1.05281
