region,season,t_end,date,Rt_mean,Rt_lo,Rt_hi
CA,2017-2018,4,2017-10-28,1.0348718075726606,0.9944014210277082,1.0761380960729112
CA,2017-2018,5,2017-11-04,1.088471246503134,1.047632641641329,1.130079770004796
CA,2017-2018,6,2017-11-11,1.050625687769482,1.0121013493114794,1.0898595290431692
CA,2017-2018,7,2017-11-18,1.043985739191168,1.0064784340248076,1.0821696025763834
CA,2017-2018,8,2017-11-25,0.9567682866822883,0.9216046884748513,0.9925810127954318
CA,2017-2018,9,2017-12-02,1.0122752573282274,0.9753199486074731,1.0499081315079155
CA,2017-2018,10,2017-12-09,1.075709084840702,1.037818717483709,1.1142692989685108
CA,2017-2018,11,2017-12-16,1.2841384650996075,1.2441287725399495,1.324772517553986
CA,2017-2018,12,2017-12-23,1.2873917610546028,1.2518710055718978,1.3234025061998584
CA,2017-2018,13,2017-12-30,1.2660025036331675,1.2348157528711952,1.2975727772498382
CA,2017-2018,14,2018-01-06,1.11009333240618,1.0840381576010159,1.1364536195718686
CA,2017-2018,15,2018-01-13,1.0458138083041202,1.0217684763344013,1.070134901885575
CA,2017-2018,16,2018-01-20,0.9249723621399257,0.9028482206270929,0.9473605822656589
CA,2017-2018,17,2018-01-27,0.9564121684481838,0.9330551610494582,0.9800539026615915
CA,2017-2018,18,2018-02-03,0.9999174796337363,0.9755132504564672,1.0246190135016717
CA,2017-2018,19,2018-02-10,1.0241866556562689,0.9994831711155643,1.0491875193235476
CA,2017-2018,20,2018-02-17,0.9765323144367574,0.9526876673070024,1.0006675868624368
CA,2017-2018,21,2018-02-24,0.8815254738692342,0.8586172500512502,0.9047310899410069
CA,2017-2018,22,2018-03-03,0.9519702801695386,0.9266747407117816,0.9776016919962396
CA,2017-2018,23,2018-03-10,0.9863036343639391,0.9599343039693888,1.0130252814549163
CA,2017-2018,24,2018-03-17,1.0070760029584858,0.9802491178124267,1.0342599986093088
CA,2017-2018,25,2018-03-24,0.9230568148935904,0.8974656716182785,0.9490027008032126
CA,2017-2018,26,2018-03-31,0.8665937047794855,0.840832753276523,0.8927379310877281
CA,2017-2018,27,2018-04-07,0.8612263197636427,0.8337231331139973,0.889169591235656
CA,2017-2018,28,2018-04-14,0.8462302443223209,0.8169477035880945,0.8760211841588522
CA,2017-2018,29,2018-04-21,0.9062868457443045,0.8734527904862998,0.9397182362656779
CA,2017-2018,30,2018-04-28,0.9456197304797022,0.9104516006611424,0.9814449570568607
CA,2017-2018,31,2018-05-05,0.9885455252936961,0.9515992618356768,1.0261855856062085
CA,2017-2018,32,2018-05-12,0.9777231875919671,0.94077228155166015,1.0153758959499959
CA,2017-2018,33,2018-05-19,0.913926909178259,0.8778215669986963,0.9507497008087662
CA,2017-2018,34,2018-05-26,0.920271085847275,0.8824428233904216,0.9588821137457348
CA,2017-2018,35,2018-06-02,0.8868688572810558,0.8482309781962702,0.9263551908482107
CA,2017-2018,36,2018-06-09,0.9272204252564903,0.8853669744597138,0.970026871478358
CA,2017-2018,37,2018-06-16,0.9210045218538354,0.8777514920767783,0.9652831780396576
CA,2017-2018,38,2018-06-23,0.9653590822534883,0.9192809547202088,1.012548148723445
CA,2017-2018,39,2018-06-30,0.9519840189770311,0.9054417373232584,0.999676342860044
CA,2017-2018,40,2018-07-07,0.8917925387136489,0.8456846746629781,0.9391070035285671
CA,2017-2018,41,2018-07-14,0.9053678653487903,0.8562912265420802,0.9557927326947844
CA,2017-2018,42,2018-07-21,0.9078177442490799,0.8562773325709425,0.9608431107498296
CA,2017-2018,43,2018-07-28,0.9990473307414385,0.942375659863764,1.0573503670467925
CA,2017-2018,44,2018-08-04,0.9800417749917212,0.9238726077593605,1.0378450807449553
CA,2017-2018,45,2018-08-11,1.0070230589394105,0.9495067075986479,1.066206796445811
CA,2017-2018,46,2018-08-18,1.008813622238039,0.9514170329191781,1.0678675249766054
CA,2017-2018,47,2018-08-25,0.9671048315877759,0.9111405702927335,1.0247135040964488
CA,2017-2018,48,2018-09-01,1.0425872234970623,0.9834958994832576,1.1033780800995814
CA,2017-2018,49,2018-09-08,1.1090437175557049,1.0492501648681531,1.1704708243220503
CA,2017-2018,50,2018-09-15,1.2459469676134745,1.1855629708830306,1.3078097226880847
CA,2017-2018,51,2018-09-22,1.0829344837181532,1.0322968713992398,1.13476750582151
CA,2017-2018,52,2018-09-29,1.020990169283417,0.9736695016030666,1.0694178707743678
CA,2018-2019,4,2018-10-27,1.0404743400407843,0.9958411071195828,1.0860722852890328
CA,2018-2019,5,2018-11-03,1.1370874908223825,1.0912836102578043,1.1838197872299476
CA,2018-2019,6,2018-11-10,1.113990309851195,1.0713581380607287,1.1574426057841405
CA,2018-2019,7,2018-11-17,1.0778101455651223,1.0379925580351008,1.1183666578003182
CA,2018-2019,8,2018-11-24,0.9460429647592085,0.910072685963234,0.9827006410695
CA,2018-2019,9,2018-12-01,1.0874824118829587,1.0478508155765147,1.127839350502183
CA,2018-2019,10,2018-12-08,1.0959914742983037,1.0577646661143396,1.1348873430633533
CA,2018-2019,11,2018-12-15,1.2091077722896069,1.1706643819822813,1.248163562577421
CA,2018-2019,12,2018-12-22,1.0359434473388631,1.0034801771955235,1.0689162882748005
CA,2018-2019,13,2018-12-29,0.930744221295724,0.9005026475738025,0.9614782751401104
CA,2018-2019,14,2019-01-05,0.9042836774825294,0.8734352019415508,0.9356600272697614
CA,2018-2019,15,2019-01-12,1.0357295769173478,1.0010630731300665,1.0709779154582861
CA,2018-2019,16,2019-01-19,1.117361617214937,1.0819384808425387,1.1533473756568169
CA,2018-2019,17,2019-01-26,1.0694147498845852,1.0365603832505936,1.1027745462355094
CA,2018-2019,18,2019-02-02,1.0628272952689288,1.031111467287324,1.095016837587525
CA,2018-2019,19,2019-02-09,1.070996904931258,1.0400740899471541,1.1023663873783502
CA,2018-2019,20,2019-02-16,1.103681914832933,1.0733025967663776,1.134479285505206
CA,2018-2019,21,2019-02-23,0.984255528602825,0.9569042476020325,1.0119868450110923
CA,2018-2019,22,2019-03-02,1.0481942088430545,1.01974606640596,1.0770282740602881
CA,2018-2019,23,2019-03-09,1.0169353888567443,0.9895410777052094,1.0446985225560355
CA,2018-2019,24,2019-03-16,1.028637912242516,1.00130517776656,1.056333568817583
CA,2018-2019,25,2019-03-23,0.9718079756746321,0.9456018878006758,0.9983672631199885
CA,2018-2019,26,2019-03-30,0.9161188991236816,0.8903273830257495,0.9422735420906093
CA,2018-2019,27,2019-04-06,0.9179999447936592,0.8910734264055552,0.9453216777897844
CA,2018-2019,28,2019-04-13,0.8762095792341479,0.848804774834439,0.9040437106092212
CA,2018-2019,29,2019-04-20,0.9215932625727812,0.8916448713917621,0.952029428121468
CA,2018-2019,30,2019-04-27,0.8979835535111973,0.8672417984823795,0.9292532469517334
CA,2018-2019,31,2019-05-04,0.8532735420382356,0.8217283912605806,0.8854045278868162
CA,2018-2019,32,2019-05-11,0.8817399493825033,0.8471396089550223,0.9170231336638645
CA,2018-2019,33,2019-05-18,0.8746186671360421,0.8380187748023555,0.9119898536120832
CA,2018-2019,34,2019-05-25,0.9557755446759822,0.9149629145533831,0.9974661903625448
CA,2018-2019,35,2019-06-01,0.9258041012887595,0.884756366091356,0.9677695184106923
CA,2018-2019,36,2019-06-08,0.9481187287744454,0.9050086494345779,0.992217770537683
CA,2018-2019,37,2019-06-15,0.9733531171492289,0.9285309404886085,1.0192169625218432
CA,2018-2019,38,2019-06-22,0.9171114206545681,0.8730443397940879,0.9622482137227801
CA,2018-2019,39,2019-06-29,0.9274046201647315,0.8812124041016904,0.9747602165957157
CA,2018-2019,40,2019-07-06,0.8386719187685219,0.7931576611686005,0.8854380369745962
CA,2018-2019,41,2019-07-13,0.8915323385508562,0.8404801757660176,0.9440684452872031
CA,2018-2019,42,2019-07-20,0.8907840115525183,0.83687131796973,0.9463557985997562
CA,2018-2019,43,2019-07-27,1.0124017894317985,0.9515974787805781,1.0750625038909256
CA,2018-2019,44,2019-08-03,0.9741627747694352,0.9148583133959597,1.0353032860988638
CA,2018-2019,45,2019-08-10,1.0257091185186578,0.9640467772404292,1.0892559130147628
CA,2018-2019,46,2019-08-17,0.9686095722757286,0.9094107836375129,1.0296485920477325
CA,2018-2019,47,2019-08-24,0.9946223701912495,0.9336831565646906,1.0574607596204748
CA,2018-2019,48,2019-08-31,1.0440076946334835,0.981364826993338,1.1085612216776874
CA,2018-2019,49,2019-09-07,1.0738549740368404,1.0115754684789724,1.1379686345691378
CA,2018-2019,50,2019-09-14,1.156769497690779,1.094234756362192,1.221017414972765
CA,2018-2019,51,2019-09-21,1.0578618638617838,1.0020961017582333,1.1151163383561107
CA,2018-2019,52,2019-09-28,1.076772537636743,1.0219818203032691,1.1329737910029811
CA,2019-2020,4,2019-10-26,1.1011435912335419,1.0601243096327542,1.1429305752907792
CA,2019-2020,5,2019-11-02,1.0717260266561952,1.0330908943830819,1.1110604791589063
CA,2019-2020,6,2019-11-09,1.1267939931306552,1.0884601218796282,1.1657820002839827
CA,2019-2020,7,2019-11-16,1.1557385268189393,1.1190697277124115,1.1929902014245477
CA,2019-2020,8,2019-11-23,1.14383168091157,1.1098017535349674,1.1783683273347234
CA,2019-2020,9,2019-11-30,0.9919235259450578,0.9622297750989353,1.0220622151227448
CA,2019-2020,10,2019-12-07,1.0508990982294173,1.0202091298948959,1.082037521642754
CA,2019-2020,11,2019-12-14,1.033897677893461,1.0041724470045903,1.0640504328402896
CA,2019-2020,12,2019-12-21,1.143086175143513,1.1123140754242442,1.1742722949571005
CA,2019-2020,13,2019-12-28,1.0702948360316313,1.0423771328353122,1.0985763360416958
CA,2019-2020,14,2020-01-04,1.0991934006527868,1.0718072211462475,1.1269202516296946
CA,2019-2020,15,2020-01-11,1.1257664927030246,1.0992803379744729,1.1525635562712986
CA,2019-2020,16,2020-01-18,1.1060192501925974,1.0812216281290983,1.131094114393839
CA,2019-2020,17,2020-01-25,1.1187841145653907,1.095023312798362,1.1427964057407947
CA,2019-2020,18,2020-02-01,1.0946362390319069,1.0723704701326786,1.1171276155519378
CA,2019-2020,19,2020-02-08,1.0745282338283446,1.0534084269299808,1.0958547504138367
CA,2019-2020,20,2020-02-15,0.9818071145347727,0.9623097048477774,1.001497352539624
CA,2019-2020,21,2020-02-22,0.9368880012937386,0.917675382720337,0.9562968970555211
CA,2019-2020,22,2020-02-29,0.9283976163590386,0.908663942331563,0.9483403304475501
CA,2019-2020,23,2020-03-07,0.9394397652865795,0.9188665040762906,0.96023763461522
CA,2019-2020,24,2020-03-14,0.9425630465645941,0.9213265645688384,0.9640381341417044
CA,2019-2020,25,2020-03-21,0.8258999369090803,0.805455339791077,0.846597196969531
CA,2019-2020,26,2020-03-28,0.7855135528402264,0.7636673784158886,0.8076635208737702
CA,2019-2020,27,2020-04-04,0.6708442713354655,0.6482001224162537,0.6938717556039935
CA,2019-2020,28,2020-04-11,0.7148733021338707,0.6866027045939221,0.7437062536023887
CA,2019-2020,29,2020-04-18,0.7214067918961563,0.6880840622737499,0.755506388635281
CA,2019-2020,30,2020-04-25,0.7908148969501093,0.7500426146113879,0.8326510775791992
CA,2019-2020,31,2020-05-02,0.8786436350842131,0.8305472181121949,0.9280747142940129
CA,2019-2020,32,2020-05-09,0.9498924392831904,0.8966607867723739,1.004637361761432
CA,2019-2020,33,2020-05-16,0.9914386393427399,0.9356703221736113,1.0487984595416198
CA,2019-2020,34,2020-05-23,0.9843074341940937,0.9284955962607793,1.0417251841465267
CA,2019-2020,35,2020-05-30,0.9742854715202384,0.918324739270576,1.0318779255504733
CA,2019-2020,36,2020-06-06,0.9520630663455785,0.8960450380890561,1.009755540494146
CA,2019-2020,37,2020-06-13,0.9600671916263042,0.9024609476112095,1.01943047384872
CA,2019-2020,38,2020-06-20,1.0380062141956705,0.9768754855497332,1.1009659379295984
CA,2019-2020,39,2020-06-27,1.211746663093789,1.1467638239931348,1.2784951113033907
CA,2019-2020,40,2020-07-04,1.1978360593642623,1.1388829603664399,1.258255843823134
CA,2019-2020,41,2020-07-11,1.1926609603896026,1.138695477438651,1.2478582732654722
CA,2019-2020,42,2020-07-18,1.0601261525687686,1.0133881663649946,1.107903005039777
CA,2019-2020,43,2020-07-25,1.0742410503723716,1.0284794457774362,1.1209847353308682
CA,2019-2020,44,2020-08-01,1.018660797545902,0.9756046787670261,1.0626335857868754
CA,2019-2020,45,2020-08-08,0.9790463982534242,0.9372099631170674,1.0217835369235648
CA,2019-2020,46,2020-08-15,0.9010696710440065,0.8605376904303427,0.9425212828217283
CA,2019-2020,47,2020-08-22,0.837203713846687,0.7961565151528643,0.8792681330413177
CA,2019-2020,48,2020-08-29,0.886906132898851,0.8409047646202755,0.9341152543331582
CA,2019-2020,49,2020-09-05,0.925528593232176,0.8757435729098644,0.976670530476287
CA,2019-2020,50,2020-09-12,0.9979966310787797,0.9443134894414779,1.0531429349852022
CA,2019-2020,51,2020-09-19,0.9982943203599921,0.9445335733452154,1.0535220722543694
CA,2019-2020,52,2020-09-26,1.0222752669567026,0.9678034236954836,1.0782174187229372
CA,2020-2021,4,2020-10-24,1.0951486832685282,1.0473051452803703,1.1440457869365301
CA,2020-2021,5,2020-10-31,1.0315227019668083,0.9870793864014471,1.0769309311760735
CA,2020-2021,6,2020-11-07,1.103705197325861,1.0583870870828096,1.149959995689648
CA,2020-2021,7,2020-11-14,1.106509278554822,1.0632199840370413,1.150650261730349
CA,2020-2021,8,2020-11-21,1.1507307930572983,1.1086619098280288,1.1935721002989634
CA,2020-2021,9,2020-11-28,1.1011683722005317,1.062699510141941,1.1403116284484824
CA,2020-2021,10,2020-12-05,1.1268563327776209,1.089692942810945,1.164634163272323
CA,2020-2021,11,2020-12-12,1.0788552746784743,1.0445213537524007,1.1137366487320624
CA,2020-2021,12,2020-12-19,1.042885521625369,1.0103385881923008,1.0759412131302661
CA,2020-2021,13,2020-12-26,0.9584586696934931,0.9278871668761433,0.989518756676963
CA,2020-2021,14,2021-01-02,0.9261165247442539,0.8954506730558062,0.9572914627273471
CA,2020-2021,15,2021-01-09,0.9576059241611918,0.9252483306254289,0.9905118729272673
CA,2020-2021,16,2021-01-16,0.9698268921006846,0.9365744413023637,1.0036512942241564
CA,2020-2021,17,2021-01-23,0.8999872128882518,0.8674876564865656,0.9330760567749413
CA,2020-2021,18,2021-01-30,0.8377182441833331,0.8047518185486484,0.8713371565263052
CA,2020-2021,19,2021-02-06,0.8549274887107033,0.8186810517340397,0.8919480358689555
CA,2020-2021,20,2021-02-13,0.8916462775769256,0.8517395938668111,0.932453753823457
CA,2020-2021,21,2021-02-20,0.8816787608393429,0.8397580371835126,0.9246061733815141
CA,2020-2021,22,2021-02-27,0.9179872287603552,0.8725454511357676,0.9645662639485214
CA,2020-2021,23,2021-03-06,0.9708636110787667,0.9221551826107789,1.0208079426122503
CA,2020-2021,24,2021-03-13,1.0049664825063878,0.954680373883548,1.0565250659963676
CA,2020-2021,25,2021-03-20,0.9666023276694367,0.9174007393308908,1.0170710089791073
CA,2020-2021,26,2021-03-27,1.0000374002135584,0.9491512895422552,1.0522335264525031
CA,2020-2021,27,2021-04-03,1.015107605878917,0.9638209101455683,1.0677050242022952
CA,2020-2021,28,2021-04-10,1.0378844979066386,0.9863743936255057,1.0906871582348396
CA,2020-2021,29,2021-04-17,1.0847296558660526,1.0329693100999895,1.1377375547859185
CA,2020-2021,30,2021-04-24,1.053667117313781,1.0045954270872606,1.1038924982029097
CA,2020-2021,31,2021-05-01,1.0554026976310604,1.0074926822441874,1.1044099559525435
CA,2020-2021,32,2021-05-08,1.001623633754827,0.9561425808327508,1.0481465903615217
CA,2020-2021,33,2021-05-15,1.0773351799828421,1.0301750186121832,1.125535997920497
CA,2020-2021,34,2021-05-22,1.033544543864907,0.9889705534405081,1.0790872526674642
CA,2020-2021,35,2021-05-29,1.0430383961106136,0.9989519002112333,1.0880634983133022
CA,2020-2021,36,2021-06-05,0.9560645245773182,0.9147104294377617,0.9983200701019247
CA,2020-2021,37,2021-06-12,1.023124816093217,0.97939432450169694,1.06779701984852
CA,2020-2021,38,2021-06-19,0.9992582594689896,0.9565067586176422,1.0429312961165622
CA,2020-2021,39,2021-06-26,1.0782454714198346,1.0337950087070369,1.1236184546365693
CA,2020-2021,40,2021-07-03,1.0408918796616344,0.9987647551865556,1.0838770136697067
CA,2020-2021,41,2021-07-10,1.0604448286763997,1.0187220151378806,1.102993267986615
CA,2020-2021,42,2021-07-17,1.1336411681791172,1.0916781795081265,1.1763844646331523
CA,2020-2021,43,2021-07-24,1.1341927392785307,1.0946650720107662,1.1744116736850203
CA,2020-2021,44,2021-07-31,1.1537950340861092,1.1162593087706656,1.191942799924485
CA,2020-2021,45,2021-08-07,1.1073787458328015,1.0730507195572652,1.142239718182409
CA,2020-2021,46,2021-08-14,1.087773343393158,1.0553773417048757,1.1206522465853694
CA,2020-2021,47,2021-08-21,1.0775916219565718,1.0466235812843712,1.1090048657113152
CA,2020-2021,48,2021-08-28,1.0403855627866503,1.0110314561178197,1.0701538726303368
CA,2020-2021,49,2021-09-04,1.0849732360162332,1.0555552856611705,1.1147898755106376
CA,2020-2021,50,2021-09-11,0.9876272207820214,0.9606451948485314,1.0149777402265212
CA,2020-2021,51,2021-09-18,0.9445031090899895,0.9179620744633087,0.971417116611147
CA,2020-2021,52,2021-09-25,0.8668712969337032,0.8407454671801827,0.8933912916061664
CA,2020-2021,53,2021-10-02,0.9080898016125676,0.8794517348614092,0.9371803058486309
CA,2021-2022,4,2021-10-30,1.0222102538501026,0.9962827181577021,1.0484662080092921
CA,2021-2022,5,2021-11-06,1.0306854348625978,1.004926418175747,1.0567658888835683
CA,2021-2022,6,2021-11-13,1.0233877109148468,0.9980889262524424,1.0489987176595037
CA,2021-2022,7,2021-11-20,1.0128033197994948,0.987913154682298,1.0379988386216503
CA,2021-2022,8,2021-11-27,1.0112007309498574,0.9864805947843446,1.0362225209422722
CA,2021-2022,9,2021-12-04,1.0319991732435598,1.0071564045468278,1.0571404000536044
CA,2021-2022,10,2021-12-11,1.0358661764278738,1.0113489994243532,1.0606728954957612
CA,2021-2022,11,2021-12-18,1.0445564209214122,1.020348266547234,1.0690444464761966
CA,2021-2022,12,2021-12-25,1.1269041452668225,1.1022749225733521,1.1518017126308504
CA,2021-2022,13,2022-01-01,1.3654904626261521,1.33988118840896,1.3913387977882696
CA,2021-2022,14,2022-01-08,1.320201795612822,1.298540798014731,1.3420394820141248
CA,2021-2022,15,2022-01-15,1.084907618797434,1.0677455262834485,1.1022046425162206
CA,2021-2022,16,2022-01-22,0.829644953968155,0.8152240476080582,0.8441905404036419
CA,2021-2022,17,2022-01-29,0.6981993749193544,0.6837383910798217,0.7128095850312411
CA,2021-2022,18,2022-02-05,0.6724966167128413,0.655650869812897,0.6895530647615299
CA,2021-2022,19,2022-02-12,0.7740481339839536,0.7521995219105467,0.7962051730145138
CA,2021-2022,20,2022-02-19,0.8139651807619971,0.7886336128651366,0.8396915938922058
CA,2021-2022,21,2022-02-26,0.8745839763236779,0.8455994526792677,0.9040500973339344
CA,2021-2022,22,2022-03-05,0.9863563211441139,0.9535157344365313,1.019745153496055
CA,2021-2022,23,2022-03-12,1.0533089431368852,1.0191323272250272,1.0880413388147645
CA,2021-2022,24,2022-03-19,1.098251032229003,1.064201667302804,1.1328290846703761
CA,2021-2022,25,2022-03-26,1.07944564712246,1.0471735628080512,1.1122006708583372
CA,2021-2022,26,2022-04-02,1.0653678096844676,1.0344619441511471,1.0967222416218978
CA,2021-2022,27,2022-04-09,1.0536586518033724,1.0238428128562935,1.0838964614561581
CA,2021-2022,28,2022-04-16,1.032557923547288,1.00377392880657,1.061743139148824
CA,2021-2022,29,2022-04-23,1.0761455066094656,1.047202932136818,1.1054771117668674
CA,2021-2022,30,2022-04-30,1.116574548838228,1.0881092558673837,1.1454022660163903
CA,2021-2022,31,2022-05-07,1.1266107403869945,1.0994924951450782,1.1540547560343966
CA,2021-2022,32,2022-05-14,1.1083858428349682,1.0829878269486197,1.1340741395104366
CA,2021-2022,33,2022-05-21,1.1184889660830395,1.0942070386003095,1.1430336668922587
CA,2021-2022,34,2022-05-28,1.0780746505556111,1.0554882256862086,1.1008968664648584
CA,2021-2022,35,2022-06-04,1.0561701936339885,1.0346096972138228,1.0779499441520866
CA,2021-2022,36,2022-06-11,0.9631874823255719,0.9431365756291611,0.9834463631195381
CA,2021-2022,37,2022-06-18,0.9342868100730328,0.9141816019080221,0.9546076645756515
CA,2021-2022,38,2022-06-25,0.9165303474326594,0.8959568024133279,0.9373341845687171
CA,2021-2022,39,2022-07-02,0.9383574852273552,0.9166486734779222,0.9603168280674385
CA,2021-2022,40,2022-07-09,0.9629480903532724,0.9402712264137283,0.9858914017178203
CA,2021-2022,41,2022-07-16,0.9604980683633941,0.9374341845898382,0.9838383393867987
CA,2021-2022,42,2022-07-23,0.9606733166932714,0.9371552379208494,0.9844787909881353
CA,2021-2022,43,2022-07-30,0.9397772903350928,0.9160641616713087,0.9637892112383755
CA,2021-2022,44,2022-08-06,0.9113886273831728,0.8873311141390772,0.9357634400245964
CA,2021-2022,45,2022-08-13,0.9128036568682782,0.887630811390735,0.9383235726747413
CA,2021-2022,46,2022-08-20,0.9559874674386604,0.929067937030828,0.9832860862749221
CA,2021-2022,47,2022-08-27,1.0676886346093208,1.0386045403327107,1.0971687540245159
CA,2021-2022,48,2022-09-03,1.1366253627559226,1.1075372621645445,1.166085262583097
CA,2021-2022,49,2022-09-10,1.0959334309199613,1.0690787700596152,1.1231165742998563
CA,2021-2022,50,2022-09-17,1.0342684654398342,1.0093084934822985,1.0595290664014587
CA,2021-2022,51,2022-09-24,1.0185204021689502,0.9941495832893107,1.0431822268197448
CA,2021-2022,52,2022-10-01,1.0441749662281121,1.019712798862022,1.0689230494976938
CA,2022-2023,4,2022-10-29,1.1819357649711744,1.1681278118931822,1.1958237259864635
CA,2022-2023,5,2022-11-05,1.2026128704504995,1.1897665185617396,1.2155272500429508
CA,2022-2023,6,2022-11-12,1.2277070366941318,1.2158345440247929,1.2396364176139743
CA,2022-2023,7,2022-11-19,1.2265749729172652,1.2158289914744844,1.2373675811225995
CA,2022-2023,8,2022-11-26,1.1955683601189568,1.185957528401892,1.205217441615196
CA,2022-2023,9,2022-12-03,1.1698836830884103,1.1611639038565538,1.1786356302821124
CA,2022-2023,10,2022-12-10,1.0257223740031944,1.0181551508728128,1.03331722721105
CA,2022-2023,11,2022-12-17,0.9395930836734471,0.9324397953727288,0.9467733283376096
CA,2022-2023,12,2022-12-24,0.8645210131034191,0.8574511263209843,0.8716195258919143
CA,2022-2023,13,2022-12-31,0.8861551735643604,0.8784780423900197,0.8938652432742662
CA,2022-2023,14,2023-01-07,0.893011734050815,0.8848429253388747,0.9012175580297679
CA,2022-2023,15,2023-01-14,0.8586870962068011,0.8502286258816868,0.8671868542707593
CA,2022-2023,16,2023-01-21,0.8264886414687342,0.8175599122752186,0.8354651918802258
CA,2022-2023,17,2023-01-28,0.8738923044377453,0.8638298869391635,0.8840121836739673
CA,2022-2023,18,2023-02-04,0.966488746951336,0.955195538215484,0.9778474052496557
CA,2022-2023,19,2023-02-11,1.0693221247082842,1.057243975345051,1.0814679254750577
CA,2022-2023,20,2023-02-18,1.0412466208753552,1.0297071262760216,1.0528495255897068
CA,2022-2023,21,2023-02-25,1.0006019489921634,0.9895089815501987,1.0117558944862333
CA,2022-2023,22,2023-03-04,0.9861367164326151,0.9751277359801499,0.9972066383981188
CA,2022-2023,23,2023-03-11,0.9798168142059033,0.9687691236643249,0.9909262748590247
CA,2022-2023,24,2023-03-18,0.9774203220540661,0.9662771254630729,0.9886265193777819
CA,2022-2023,25,2023-03-25,0.9715486250091483,0.9603159697251774,0.9828456886938516
CA,2022-2023,26,2023-04-01,0.9788078435889491,0.9673751707202194,0.9903067481666223
CA,2022-2023,27,2023-04-08,0.9684428596969987,0.9569528674503603,0.980000471631884
CA,2022-2023,28,2023-04-15,0.9572209340424335,0.9456199831252907,0.9688916339394308
CA,2022-2023,29,2023-04-22,0.9453423767684607,0.9335684216453244,0.9571890916182305
CA,2022-2023,30,2023-04-29,0.9592173004358721,0.9470315131383434,0.9714799086630668
CA,2022-2023,31,2023-05-06,0.9858532370402896,0.9732483297400808,0.9985381230057527
CA,2022-2023,32,2023-05-13,1.011789715544118,0.9989311761125663,1.0247293479893071
CA,2022-2023,33,2023-05-20,1.0219074061093987,1.0090569483860838,1.034838047721514
FL,2021-2022,4,2021-10-30,1.0329043484754767,1.018312519820008,1.047598543429002
FL,2021-2022,5,2021-11-06,1.0786017446620644,1.0639226753080346,1.0933799934004214
FL,2021-2022,6,2021-11-13,1.0746362208017628,1.0605087570937866,1.0888558677767042
FL,2021-2022,7,2021-11-20,1.0817276117290977,1.068037009921846,1.095504195274929
FL,2021-2022,8,2021-11-27,0.9925000680085233,0.9798754884446936,1.0052043361658145
FL,2021-2022,9,2021-12-04,1.0052397222189398,0.9924883346899889,1.018071375543959
FL,2021-2022,10,2021-12-11,1.0127443377891823,0.9999771707897632,1.0255913699820627
FL,2021-2022,11,2021-12-18,1.1390240627979287,1.1255640380248852,1.1525629838086304
FL,2021-2022,12,2021-12-25,1.2327194611356669,1.2195677545660322,1.2459407260360913
FL,2021-2022,13,2022-01-01,1.363699314977606,1.351195931653003,1.3762594869664675
FL,2021-2022,14,2022-01-08,1.161601392972448,1.1516733002803368,1.1715715065817403
FL,2021-2022,15,2022-01-15,0.9568662656773519,0.9484872187698974,0.9652816516942913
FL,2021-2022,16,2022-01-22,0.7520597520803466,0.7444746729479623,0.7596827444681297
FL,2021-2022,17,2022-01-29,0.6796412247000959,0.6713769146879693,0.6879553892964848
FL,2021-2022,18,2022-02-05,0.7314156307121418,0.7211011965083882,0.7418022951180071
FL,2021-2022,19,2022-02-12,0.7992730033256308,0.7867443448551257,0.8118992612632135
FL,2021-2022,20,2022-02-19,0.8994769620751225,0.8846730355943794,0.9144020229074132
FL,2021-2022,21,2022-02-26,0.9572910331550392,0.9412171731242552,0.9734990992533041
FL,2021-2022,22,2022-03-05,0.9840946694567593,0.9674494740247173,1.0008798698645964
FL,2021-2022,23,2022-03-12,0.982887259589211,0.9661227343780758,0.9997939889469108
FL,2021-2022,24,2022-03-19,1.0036026901276351,0.9865198758054448,1.020830109308747
FL,2021-2022,25,2022-03-26,1.0275132141319778,1.0102564386537332,1.0449141043711963
FL,2021-2022,26,2022-04-02,1.0522565329199525,1.0350184672591953,1.0696349905826599
FL,2021-2022,27,2022-04-09,1.0634635791199096,1.0465531157024024,1.0805076931512256
FL,2021-2022,28,2022-04-16,1.1492980162929898,1.1322290572027949,1.1664929074132653
FL,2021-2022,29,2022-04-23,1.1618500726039283,1.1458018414146407,1.1780083648779425
FL,2021-2022,30,2022-04-30,1.14342288104947,1.1286150034563067,1.1583259333435874
FL,2021-2022,31,2022-05-07,1.1238337248945416,1.1100734966302448,1.13767754021855
FL,2021-2022,32,2022-05-14,1.1843399399171812,1.17098730548852,1.1977672256866474
FL,2021-2022,33,2022-05-21,1.2139410995413284,1.2014832780107054,1.2264622858513037
FL,2021-2022,34,2022-05-28,1.2204615208256815,1.2090879815523556,1.2318875680177097
FL,2021-2022,35,2022-06-04,1.1233868763203594,1.11347843144954,1.1333386056117651
FL,2021-2022,36,2022-06-11,0.9978108830558449,0.9889845636842802,1.006675871744984
FL,2021-2022,37,2022-06-18,0.8933538940825068,0.8849949987364804,0.9017515366008051
FL,2021-2022,38,2022-06-25,0.8336143320145096,0.8250905209672789,0.8421813402776636
FL,2021-2022,39,2022-07-02,0.8479292262961619,0.8385467266617164,0.857363202827649
FL,2021-2022,40,2022-07-09,0.8813902212280628,0.8710339928595447,0.8918068052463463
FL,2021-2022,41,2022-07-16,0.9180259170371069,0.9067937320323735,0.929326282744061
FL,2021-2022,42,2022-07-23,0.9577337031585023,0.9457777822694728,0.9697636805117783
FL,2021-2022,43,2022-07-30,0.9559035685758797,0.9437075960030911,0.9681767594087569
FL,2021-2022,44,2022-08-06,0.9250118270991672,0.9127516297106718,0.937352684105785
FL,2021-2022,45,2022-08-13,0.9078464005717525,0.8952366853518602,0.9205430807738096
FL,2021-2022,46,2022-08-20,0.9347829098925926,0.9213776214658,0.9482836724067577
FL,2021-2022,47,2022-08-27,1.060183562317514,1.0454326334593684,1.0750363993620495
FL,2021-2022,48,2022-09-03,1.1106187921893373,1.0959382274097202,1.125395678037696
FL,2021-2022,49,2022-09-10,1.0745552797727769,1.0608282552159907,1.0883693262665657
FL,2021-2022,50,2022-09-17,0.9948102053165389,0.9820542383443651,1.0076473434200717
FL,2021-2022,51,2022-09-24,1.000639315052334,0.9878141097357975,1.0135460968481844
FL,2021-2022,52,2022-10-01,0.9762629288434074,0.9635990360705701,0.9890083511645833
FL,2022-2023,4,2022-10-29,1.245054413001633,1.2305183967133806,1.2596746015898153
FL,2022-2023,5,2022-11-05,1.2684050723940337,1.2552097683723966,1.2816684177119435
FL,2022-2023,6,2022-11-12,1.183005810894905,1.1716481682408046,1.1944174801885024
FL,2022-2023,7,2022-11-19,1.0528046143327239,1.0429279103686817,1.0627272219627295
FL,2022-2023,8,2022-11-26,0.9896327680014667,0.9802929844028663,0.9990162215598151
FL,2022-2023,9,2022-12-03,1.007896451561167,0.998423409014992,1.0174136041942925
FL,2022-2023,10,2022-12-10,1.0287715893918903,1.0192367743022765,1.0383501821103078
FL,2022-2023,11,2022-12-17,1.064038595625499,1.054473003596878,1.0736467820943514
FL,2022-2023,12,2022-12-24,1.0193728442833978,1.0102868131266518,1.0284989884688565
FL,2022-2023,13,2022-12-31,1.0195566650844792,1.010553688974263,1.0285990155062306
FL,2022-2023,14,2023-01-07,0.9579151431480766,0.9492702592578943,0.9665986713331333
FL,2022-2023,15,2023-01-14,0.8794114644357715,0.8709560133157812,0.8879071968066613
FL,2022-2023,16,2023-01-21,0.8400610514443771,0.8312706675063097,0.8488970295980045
FL,2022-2023,17,2023-01-28,0.8497449527955221,0.8401314187345515,0.859412421283803
FL,2022-2023,18,2023-02-04,0.9675691094141137,0.956473086943065,0.978728238458511
FL,2022-2023,19,2023-02-11,0.9894483035490941,0.9780464356240945,1.0009153332407006
FL,2022-2023,20,2023-02-18,0.980404908451132,0.9689969745947093,0.9918786788153945
FL,2022-2023,21,2023-02-25,0.9685336031641478,0.9570864124996195,0.9800479028697799
FL,2022-2023,22,2023-03-04,0.9611224802007717,0.9495422147663456,0.9727719615335192
FL,2022-2023,23,2023-03-11,0.9744232699244247,0.9625379303435612,0.9863805304310288
FL,2022-2023,24,2023-03-18,0.9594682526648834,0.947526342448664,0.9714839109456442
FL,2022-2023,25,2023-03-25,0.9610546517672722,0.9488622113944213,0.9733238492848829
FL,2022-2023,26,2023-04-01,0.9621051800803597,0.9496702105216767,0.9746199131195108
FL,2022-2023,27,2023-04-08,0.9747803437081853,0.9620281965560207,0.9876152910120859
FL,2022-2023,28,2023-04-15,0.9913982181411466,0.9783779466172944,1.0045033635915148
FL,2022-2023,29,2023-04-22,0.9894646353042681,0.9764025070946684,1.0026123538386849
FL,2022-2023,30,2023-04-29,1.006846964126445,0.9936026039931014,1.0201777982309228
FL,2022-2023,31,2023-05-06,1.0017764225235155,0.9886085766837663,1.0150301783089897
FL,2022-2023,32,2023-05-13,1.0004497476137482,0.9873017131658355,1.0136835471733705
FL,2022-2023,33,2023-05-20,0.9902730795943085,0.9771949206636692,1.0034369692481255
IL,2017-2018,4,2017-10-28,0.9885486086538389,0.9407574031782886,1.0375072265258751
IL,2017-2018,5,2017-11-04,0.9785462131875357,0.9307354137671365,1.027537637408383
IL,2017-2018,6,2017-11-11,1.0940132194236838,1.0428870000959027,1.14634567211929
IL,2017-2018,7,2017-11-18,1.0472313213720967,0.999313796421134,1.096255202644898
IL,2017-2018,8,2017-11-25,0.9996487349708335,0.953857906564858,1.0464980118715823
IL,2017-2018,9,2017-12-02,1.1530277205003256,1.1037922131262206,1.2033224475729465
IL,2017-2018,10,2017-12-09,1.174060569077197,1.127640353081725,1.221403974550287
IL,2017-2018,11,2017-12-16,1.36084057443601,1.3145302951031492,1.4079413448634273
IL,2017-2018,12,2017-12-23,1.3342530391659535,1.294718182978186,1.3743741726028615
IL,2017-2018,13,2017-12-30,1.3752184097603446,1.3402840809414311,1.4105959254546263
IL,2017-2018,14,2018-01-06,1.197899978141548,1.1699526769894584,1.2261725610573788
IL,2017-2018,15,2018-01-13,1.078908096658,1.0546029125833174,1.1034863284706835
IL,2017-2018,16,2018-01-20,0.9818198282085759,0.959472018930654,1.0044213339579868
IL,2017-2018,17,2018-01-27,1.0082530128939833,0.9854040366317233,1.0313602261820956
IL,2017-2018,18,2018-02-03,1.0349009202501918,1.0118399935421234,1.0582180749644425
IL,2017-2018,19,2018-02-10,1.0250648341531678,1.0024885395182201,1.0478890246796893
IL,2017-2018,20,2018-02-17,0.9822433792306079,0.9604068589888286,1.004321951248765
IL,2017-2018,21,2018-02-24,0.8901088345347699,0.8691472924388444,0.9113166694571839
IL,2017-2018,22,2018-03-03,0.8107364312627624,0.7895890816760287,0.8321593528886684
IL,2017-2018,23,2018-03-10,0.7550120321915074,0.7324553656048336,0.7779060099757128
IL,2017-2018,24,2018-03-17,0.7962903571272733,0.7697934031016814,0.8232293937192983
IL,2017-2018,25,2018-03-24,0.8986560569031137,0.8672518135178243,0.9306110249247447
IL,2017-2018,26,2018-03-31,0.909644907984242,0.8763839011491676,0.943516727217298
IL,2017-2018,27,2018-04-07,0.9015880619294554,0.8669374620070662,0.936908138694063
IL,2017-2018,28,2018-04-14,0.8939418441937049,0.8576839366684921,0.9309398505256173
IL,2017-2018,29,2018-04-21,0.8635966137959074,0.8260007835018255,0.9020173844926299
IL,2017-2018,30,2018-04-28,0.8932833718689916,0.8522627049129186,0.9352546475777168
IL,2017-2018,31,2018-05-05,0.8565873766369883,0.8141986702808028,0.900036581185513
IL,2017-2018,32,2018-05-12,0.9409764839730911,0.8931119740093827,0.9900727898562822
IL,2017-2018,33,2018-05-19,0.8667761495828475,0.8194972713910205,0.9153622293178734
IL,2017-2018,34,2018-05-26,0.9328377736013899,0.8802998844374579,0.9868769134890828
IL,2017-2018,35,2018-06-02,0.9135562465912082,0.8598039044991002,0.9689153105049371
IL,2017-2018,36,2018-06-09,0.8465897424676452,0.7925879552800522,0.9023459866837449
IL,2017-2018,37,2018-06-16,0.8239158809304798,0.7662609050220183,0.8836324161381953
IL,2017-2018,38,2018-06-23,0.9230819293538122,0.8560984383453512,0.9925525051390355
IL,2017-2018,39,2018-06-30,1.0198101740281196,0.9465702135413494,1.095740439337911
IL,2017-2018,40,2018-07-07,1.0464808643891834,0.9729167691949534,1.122687845883111
IL,2017-2018,41,2018-07-14,0.9958507912038079,0.925615579371797,1.0686179008388677
IL,2017-2018,42,2018-07-21,0.9766642805359751,0.9069503989164073,1.0489227533900627
IL,2017-2018,43,2018-07-28,0.8943111416160245,0.8268722637697755,0.9643560369390619
IL,2017-2018,44,2018-08-04,0.8637132310090985,0.7938322246483273,0.9364999708919471
IL,2017-2018,45,2018-08-11,0.8829037614012051,0.8071269667268466,0.9620317557363438
IL,2017-2018,46,2018-08-18,1.0132030352799106,0.9269165244239366,1.1032746429631008
IL,2017-2018,47,2018-08-25,1.0238618377632054,0.9375778610257595,1.1138895174102863
IL,2017-2018,48,2018-09-01,1.2189855355236012,1.1256445008136038,1.3159914397367323
IL,2017-2018,49,2018-09-08,1.152926442754051,1.0702956758247968,1.238586027215519
IL,2017-2018,50,2018-09-15,1.1504965231304967,1.073318952151073,1.2303155514571862
IL,2017-2018,51,2018-09-22,1.0845232141130232,1.0144331509341848,1.156921426356681
IL,2017-2018,52,2018-09-29,1.0135606699679924,0.9483800001698599,1.0808768684880725
IL,2018-2019,4,2018-10-27,1.1467054013114628,1.0910449037012457,1.203731148826105
IL,2018-2019,5,2018-11-03,1.107425569732083,1.0562001244513266,1.1598469766771138
IL,2018-2019,6,2018-11-10,1.0688854064722846,1.020957646211434,1.1178970628582992
IL,2018-2019,7,2018-11-17,1.040094064679929,0.9942977651060412,1.086906970648834
IL,2018-2019,8,2018-11-24,0.986664963813295,0.9428961655628608,1.031412795502918
IL,2018-2019,9,2018-12-01,1.0522780499450644,1.006762286654994,1.0987859810532248
IL,2018-2019,10,2018-12-08,1.0714408931348258,1.0266046430018934,1.1172220077164672
IL,2018-2019,11,2018-12-15,1.1085498628253634,1.0644103586651315,1.1535735223297459
IL,2018-2019,12,2018-12-22,1.1113812103776304,1.0693078744822286,1.154255017147413
IL,2018-2019,13,2018-12-29,1.2139071626535534,1.1720853768483728,1.2564518216104217
IL,2018-2019,14,2019-01-05,1.135282025647966,1.0984405473537804,1.1727227038111994
IL,2018-2019,15,2019-01-12,1.0130887750504052,0.9803570427619276,1.0463504885358608
IL,2018-2019,16,2019-01-19,0.9226064436887907,0.89157530982711,0.9541609861081611
IL,2018-2019,17,2019-01-26,0.93283632030392,0.9004035928740968,0.96583486157937
IL,2018-2019,18,2019-02-02,1.0202575044758198,0.9851729167832389,1.055947365035865
IL,2018-2019,19,2019-02-09,1.0452037907870282,1.0100230656602447,1.0809783650393012
IL,2018-2019,20,2019-02-16,1.0858165098488803,1.050701346558668,1.1215008008853593
IL,2018-2019,21,2019-02-23,1.1449629322926218,1.1102903661088162,1.1801611582478997
IL,2018-2019,22,2019-03-02,1.0918615443683939,1.0601380702521652,1.1240461749136503
IL,2018-2019,23,2019-03-09,1.0753826847199757,1.0452013253672523,1.10598764009775
IL,2018-2019,24,2019-03-16,1.0662695544131782,1.037246683676647,1.0956873053634184
IL,2018-2019,25,2019-03-23,0.9828133953482108,0.9558012349862555,1.0101967125096156
IL,2018-2019,26,2019-03-30,0.9207779901234632,0.8944190231290304,0.947514409621733
IL,2018-2019,27,2019-04-06,0.8148949341446899,0.7891082963370633,0.8410903725004966
IL,2018-2019,28,2019-04-13,0.8319882680026703,0.8032527028308358,0.861221780871707
IL,2018-2019,29,2019-04-20,0.8166047596482248,0.785520511123947,0.8482837242169214
IL,2018-2019,30,2019-04-27,0.8020539209161466,0.7681212971056106,0.8367096686943919
IL,2018-2019,31,2019-05-04,0.8184827675958787,0.7803967679087583,0.8574633964697396
IL,2018-2019,32,2019-05-11,0.8763124716933469,0.8329336585456781,0.9207769132193508
IL,2018-2019,33,2019-05-18,0.9197538899676194,0.8724001917892167,0.9683414454137
IL,2018-2019,34,2019-05-25,0.9207109660314662,0.8713917122546039,0.9713686786964782
IL,2018-2019,35,2019-06-01,0.8400113735124561,0.7910321508877844,0.8904410374844609
IL,2018-2019,36,2019-06-08,0.8112354424239296,0.7589515101921391,0.8652362512675891
IL,2018-2019,37,2019-06-15,0.8844539943681035,0.8241080918082444,0.9469018733276057
IL,2018-2019,38,2019-06-22,0.9192554450140433,0.853990867728876,0.9868889754551095
IL,2018-2019,39,2019-06-29,0.991409936012027,0.9207863897502104,1.064605877629389
IL,2018-2019,40,2019-07-06,0.8952899128525602,0.8279294535168555,0.9652472575016174
IL,2018-2019,41,2019-07-13,0.9605452469042934,0.8869364080998912,1.0370465473966213
IL,2018-2019,42,2019-07-20,0.9347821733464735,0.8607428552663166,1.011832625289493
IL,2018-2019,43,2019-07-27,0.9955754408577019,0.9165893285070923,1.0777794591422662
IL,2018-2019,44,2019-08-03,0.9875792948145382,0.9086984578808472,1.0696963677509557
IL,2018-2019,45,2019-08-10,0.9905208739296875,0.9109998851449814,1.0733217814473617
IL,2018-2019,46,2019-08-17,0.9450379621956537,0.8670005368863123,1.0263901142696574
IL,2018-2019,47,2019-08-24,0.9309716116631015,0.8513805221152637,1.0140682533709364
IL,2018-2019,48,2019-08-31,1.0010575534199377,0.9155576888767666,1.0903193991054363
IL,2018-2019,49,2019-09-07,1.1646240841924844,1.0722261352424745,1.2607863392890186
IL,2018-2019,50,2019-09-14,1.3667758421816638,1.273463809394781,1.4633402085722265
IL,2018-2019,51,2019-09-21,1.1865359453953406,1.1116907494194939,1.2637848730426589
IL,2018-2019,52,2019-09-28,1.103895331886766,1.0373736820293076,1.1724549630579988
IL,2019-2020,4,2019-10-26,1.1532391366850894,1.1184246294658202,1.1885797878939899
IL,2019-2020,5,2019-11-02,1.0938881431680965,1.0622351312508354,1.1259993872376155
IL,2019-2020,6,2019-11-09,1.0560006412676213,1.0262152827648945,1.0862061547825275
IL,2019-2020,7,2019-11-16,0.9999982429747707,0.9717659698383642,1.0286291427712333
IL,2019-2020,8,2019-11-23,1.0550347195795888,1.0260289749914024,1.0844391335886647
IL,2019-2020,9,2019-11-30,1.082893038916903,1.054248195619483,1.1119164911895332
IL,2019-2020,10,2019-12-07,1.119310268118476,1.0912766413646586,1.1476944720573041
IL,2019-2020,11,2019-12-14,1.1361485239454105,1.1093928911644453,1.1632185286553092
IL,2019-2020,12,2019-12-21,1.1729481220112326,1.147379617711128,1.198794468320504
IL,2019-2020,13,2019-12-28,1.3124666736101698,1.2874135730392446,1.3377578471696776
IL,2019-2020,14,2020-01-04,1.1801984525106852,1.1593692202613866,1.201210559501881
IL,2019-2020,15,2020-01-11,1.049236501635202,1.0311106948089925,1.0675180492290837
IL,2019-2020,16,2020-01-18,0.9292326907684272,0.9125701135161417,0.9460439244063031
IL,2019-2020,17,2020-01-25,1.0374234027857991,1.0191814664558354,1.0558249027548932
IL,2019-2020,18,2020-02-01,1.2186396953735352,1.1992070760944462,1.2382263355537995
IL,2019-2020,19,2020-02-08,1.2099460096129362,1.1923452138435464,1.227673976147313
IL,2019-2020,20,2020-02-15,1.0657863708502067,1.050723341757789,1.0809551190497262
IL,2019-2020,21,2020-02-22,0.9600534227585299,0.9461927181504177,0.9740135167916122
IL,2019-2020,22,2020-02-29,0.8925740537816351,0.8789468320016365,0.9063046505216517
IL,2019-2020,23,2020-03-07,0.9365042664619982,0.9217609339903954,0.9513629521584532
IL,2019-2020,24,2020-03-14,0.981202804630612,0.9656255939836879,0.9969029282126733
IL,2019-2020,25,2020-03-21,0.9852596051278387,0.9695060443771059,1.0011383670633607
IL,2019-2020,26,2020-03-28,0.8444659682594942,0.8297810615718604,0.8592778931872981
IL,2019-2020,27,2020-04-04,0.7109941659533143,0.6963881817730623,0.7257496317852217
IL,2019-2020,28,2020-04-11,0.6147637853650821,0.5987864904837435,0.6309485144712541
IL,2019-2020,29,2020-04-18,0.7098280468188266,0.688178375278229,0.7318083324901837
IL,2019-2020,30,2020-04-25,0.8142264882344096,0.7869014159963884,0.8420114176450862
IL,2019-2020,31,2020-05-02,0.8766453929796033,0.8453510501228525,0.9085005579216235
IL,2019-2020,32,2020-05-09,0.8740034513273824,0.8407216334228648,0.9079222773386479
IL,2019-2020,33,2020-05-16,0.8557408546292568,0.8206197225767369,0.8915875832588648
IL,2019-2020,34,2020-05-23,0.8300287352797526,0.7927716148151367,0.8681293469749746
IL,2019-2020,35,2020-05-30,0.8555999699347447,0.8142488717554683,0.8979608471997531
IL,2019-2020,36,2020-06-06,0.8381500095199553,0.794063306461971,0.8834109936689185
IL,2019-2020,37,2020-06-13,0.8331689115943848,0.7853552265209943,0.8823755150975179
IL,2019-2020,38,2020-06-20,0.814246441687654,0.7626946035571909,0.8674602542497958
IL,2019-2020,39,2020-06-27,0.9911970263851927,0.928375407171097,1.0560461666693735
IL,2019-2020,40,2020-07-04,1.066711744446005,1.0011929882510864,1.1342776445903515
IL,2019-2020,41,2020-07-11,1.2081963540193867,1.1404894370862144,1.2778280438865028
IL,2019-2020,42,2020-07-18,1.061558042353468,1.003609145543082,1.1211104481841963
IL,2019-2020,43,2020-07-25,1.091952895984373,1.0348072992171065,1.1506126830069043
IL,2019-2020,44,2020-08-01,1.0783303919586469,1.0238677856433966,1.134184406674508
IL,2019-2020,45,2020-08-08,1.1149787050833813,1.061533993298049,1.169717545328455
IL,2019-2020,46,2020-08-15,0.9891838170656106,0.9414206870535469,1.0381122038675232
IL,2019-2020,47,2020-08-22,1.0012327210174816,0.9529174727078439,1.0507259546142627
IL,2019-2020,48,2020-08-29,0.9334224330610824,0.8868084081308274,0.9812136237319388
IL,2019-2020,49,2020-09-05,0.9788041370046143,0.9294511392313181,1.0294158339677608
IL,2019-2020,50,2020-09-12,0.8844718961479775,0.8370938421071463,0.9331357275004667
IL,2019-2020,51,2020-09-19,0.9288841168397062,0.8773817804070219,0.9818345902995776
IL,2019-2020,52,2020-09-26,1.0532222428138232,0.9963509834170988,1.111649674724499
IL,2020-2021,4,2020-10-24,1.0881638508366522,1.0423312806826919,1.1349687064909941
IL,2020-2021,5,2020-10-31,1.0666562131083839,1.0230809402803307,1.1111274986646111
IL,2020-2021,6,2020-11-07,1.2233425375674654,1.178059152943087,1.269467973213091
IL,2020-2021,7,2020-11-14,1.146595754607049,1.1068067680150404,1.1870775492568832
IL,2020-2021,8,2020-11-21,1.0457934827424091,1.010220676987841,1.0819732153048216
IL,2020-2021,9,2020-11-28,0.8892914496177804,0.8572055915588114,0.9219585872567058
IL,2020-2021,10,2020-12-05,0.847158271766948,0.8140420454576479,0.880925504194261
IL,2020-2021,11,2020-12-12,0.8571888561731739,0.8211268102500143,0.8940150070098672
IL,2020-2021,12,2020-12-19,0.9036210221204054,0.8637523046104431,0.9443766157112049
IL,2020-2021,13,2020-12-26,0.8838337298293503,0.842446372637356,0.9261995680628825
IL,2020-2021,14,2021-01-02,0.9204153905877672,0.8755995771730135,0.9663339674291324
IL,2020-2021,15,2021-01-09,0.9762370307423625,0.9281902234445092,1.0254791874775064
IL,2020-2021,16,2021-01-16,1.0197967247489197,0.9700953573895796,1.0707222485675116
IL,2020-2021,17,2021-01-23,0.9529613614253483,0.905371585257901,1.0017529444350715
IL,2020-2021,18,2021-01-30,0.9170094437610462,0.8692429525551962,0.9660355475762943
IL,2020-2021,19,2021-02-06,0.9425547676250867,0.8920654180917995,0.9944143308875893
IL,2020-2021,20,2021-02-13,0.8851897382225553,0.8348697340391443,0.9369614443205562
IL,2020-2021,21,2021-02-20,0.8721013156489823,0.8191653994249313,0.9266711677008439
IL,2020-2021,22,2021-02-27,0.8974186854422972,0.8400820237090106,0.9566212651467103
IL,2020-2021,23,2021-03-06,0.979611805826242,0.9164760568305564,1.0448207785867922
IL,2020-2021,24,2021-03-13,1.0382786148364833,0.9725775907454922,1.106096608794758
IL,2020-2021,25,2021-03-20,0.9978034201240119,0.9345294742126592,1.0631206070197523
IL,2020-2021,26,2021-03-27,1.1283773961585035,1.0609283113939614,1.1978757086683067
IL,2020-2021,27,2021-04-03,1.1000230442813188,1.0371407921077507,1.1647298576523566
IL,2020-2021,28,2021-04-10,1.2234053757019174,1.1599732170053385,1.2885023219441076
IL,2020-2021,29,2021-04-17,1.0725871395975761,1.0186857449156892,1.1278585340066278
IL,2020-2021,30,2021-04-24,1.1027137014865112,1.04984088956885,1.1568671908690509
IL,2020-2021,31,2021-05-01,0.9900742367699445,0.942282787838912,1.0390312665723664
IL,2020-2021,32,2021-05-08,0.9894653809620914,0.9414521340107629,1.0386559303127243
IL,2020-2021,33,2021-05-15,1.000136598479556,0.9516055367448149,1.0498576596217322
IL,2020-2021,34,2021-05-22,0.9954748577259206,0.9470496869070643,1.0450904630538078
IL,2020-2021,35,2021-05-29,0.9895963550786965,0.9411999723346063,1.0391889804278969
IL,2020-2021,36,2021-06-05,0.994394734901547,0.9456251811164147,1.0443732751081574
IL,2020-2021,37,2021-06-12,1.0131565597508936,0.963778811081322,1.0637504940746776
IL,2020-2021,38,2021-06-19,1.035828721825485,0.9861929562300054,1.0866660122387666
IL,2020-2021,39,2021-06-26,1.011460071533575,0.9632248727003163,1.060857144958531
IL,2020-2021,40,2021-07-03,0.9983911158607507,0.9507220103650345,1.047209872104909
IL,2020-2021,41,2021-07-10,1.0496634546056474,1.0007222832371898,1.0997565963148772
IL,2020-2021,42,2021-07-17,1.063615556194397,1.0154631550419988,1.1128677030417975
IL,2020-2021,43,2021-07-24,1.0894254233384237,1.0420926837146218,1.1377946423432466
IL,2020-2021,44,2021-07-31,1.104419158157045,1.0586641775369814,1.1511285361639307
IL,2020-2021,45,2021-08-07,1.091875763656208,1.048490498637696,1.136128233839174
IL,2020-2021,46,2021-08-14,1.0750393743233273,1.0337625843114338,1.117112876430645
IL,2020-2021,47,2021-08-21,1.0626276612203436,1.0229853022260538,1.1030130576436143
IL,2020-2021,48,2021-08-28,1.0525507495548534,1.0142255944890082,1.0915767139982424
IL,2020-2021,49,2021-09-04,1.0649612169484146,1.0273389465820357,1.1032505886126953
IL,2020-2021,50,2021-09-11,1.0463800518179698,1.010194369701425,1.083193582758517
IL,2020-2021,51,2021-09-18,1.0188339553898031,0.9838958075680002,1.0543731433650825
IL,2020-2021,52,2021-09-25,0.9603073041768742,0.9266946738375521,0.9945103510423073
IL,2020-2021,53,2021-10-02,0.9488922241046649,0.9148244369638509,0.9835741034767109
IL,2021-2022,4,2021-10-30,1.0225367597207382,0.9826926450010449,1.0631615843375601
IL,2021-2022,5,2021-11-06,1.0389929620297187,0.9992538586475914,1.0794960854181077
IL,2021-2022,6,2021-11-13,1.0466779357589233,1.0075086640185371,1.08658371389083
IL,2021-2022,7,2021-11-20,1.0962977493965356,1.0570636871884738,1.1362367242262417
IL,2021-2022,8,2021-11-27,1.0975647971311395,1.0599963156235064,1.1357783537435875
IL,2021-2022,9,2021-12-04,1.1675500964584786,1.1304820612540398,1.2052077489957826
IL,2021-2022,10,2021-12-11,1.1352809144309368,1.1013514562210827,1.1697179328992993
IL,2021-2022,11,2021-12-18,1.1366146616322865,1.1046718851265056,1.1690063671532502
IL,2021-2022,12,2021-12-25,1.1750296827113027,1.1444860505775838,1.2059699358569171
IL,2021-2022,13,2022-01-01,1.2467651521914704,1.2176466750334654,1.276222909648838
IL,2021-2022,14,2022-01-08,1.1462260446201833,1.1211274175274781,1.1715986506449674
IL,2021-2022,15,2022-01-15,0.9369975412083923,0.9157604973419117,0.9584746368319402
IL,2021-2022,16,2022-01-22,0.776106187314434,0.756177574387778,0.7962903920589396
IL,2021-2022,17,2022-01-29,0.690494675263392,0.6692866724964298,0.712028858745848
IL,2021-2022,18,2022-02-05,0.7060909086253434,0.6805053829230792,0.73214198207659
IL,2021-2022,19,2022-02-12,0.7763202058719418,0.7446405415986781,0.8086505520649795
IL,2021-2022,20,2022-02-19,0.9113176130442455,0.8725518663374815,0.9509140886115731
IL,2021-2022,21,2022-02-26,1.1332187428834606,1.0879647600748013,1.1793819156737162
IL,2021-2022,22,2022-03-05,1.1571931335833205,1.1141094758574257,1.2010826809436976
IL,2021-2022,23,2022-03-12,1.1592588386114284,1.119049485451087,1.2001679816104347
IL,2021-2022,24,2022-03-19,1.160787440984189,1.1233042637332584,1.1988771955752078
IL,2021-2022,25,2022-03-26,1.1337440126337401,1.0992615729650568,1.1687515428140398
IL,2021-2022,26,2022-04-02,1.1010815272245915,1.0690901712610725,1.1335379337504115
IL,2021-2022,27,2022-04-09,1.0589028661053574,1.0289512011427595,1.0892782436701385
IL,2021-2022,28,2022-04-16,1.0656839375976117,1.0364490544551608,1.0953197547063807
IL,2021-2022,29,2022-04-23,1.0619264279381826,1.0336199877271726,1.0906099227630537
IL,2021-2022,30,2022-04-30,1.0497900804704492,1.0224461928780393,1.077489773741616
IL,2021-2022,31,2022-05-07,1.0099477671391577,0.9837485439026581,1.0364864980210982
IL,2021-2022,32,2022-05-14,1.0185315259787813,0.9923440428740362,1.0450553148316823
IL,2021-2022,33,2022-05-21,0.9737110798292474,0.9483330288081452,0.9994195648999048
IL,2021-2022,34,2022-05-28,0.9517579602837292,0.9263455235394628,0.9775094785249453
IL,2021-2022,35,2022-06-04,0.9212666894827616,0.8956657927964288,0.9472233006675718
IL,2021-2022,36,2022-06-11,0.908466652680567,0.8820247603783119,0.935293616818435
IL,2021-2022,37,2022-06-18,0.88932575009907,0.8619327436894009,0.9171412858830196
IL,2021-2022,38,2022-06-25,0.855419817109354,0.8270048060534652,0.8843080737141803
IL,2021-2022,39,2022-07-02,0.9002211879101519,0.8688025231902383,0.932190112301331
IL,2021-2022,40,2022-07-09,0.9670860419731141,0.9328258681345066,1.0019554319633015
IL,2021-2022,41,2022-07-16,1.0075239789159482,0.9719773835848939,1.043700031151388
IL,2021-2022,42,2022-07-23,1.0388251759632174,1.0028498870163918,1.0754255626512847
IL,2021-2022,43,2022-07-30,1.018061735798658,0.9830906360642513,1.0536354845946228
IL,2021-2022,44,2022-08-06,1.0098777034042188,0.9753425114666726,1.0450053309784268
IL,2021-2022,45,2022-08-13,0.987851452680013,0.953854846085314,1.022435026215642
IL,2021-2022,46,2022-08-20,0.9734670511191699,0.9395191627178023,1.008009012213868
IL,2021-2022,47,2022-08-27,1.072413874363106,1.0363011664379205,1.1091364400050578
IL,2021-2022,48,2022-09-03,1.1338086535706753,1.0978877776450318,1.1702996753423671
IL,2021-2022,49,2022-09-10,1.1644065870712246,1.1301285844692197,1.1991895589806176
IL,2021-2022,50,2022-09-17,1.0267765311264931,0.9968711685094055,1.0571176986917739
IL,2021-2022,51,2022-09-24,0.9874559662321162,0.9585019793669999,1.0168347800551765
IL,2021-2022,52,2022-10-01,0.9963099371703907,0.967046815067629,1.026003160650948
IL,2022-2023,4,2022-10-29,1.1891936930373626,1.162176969592786,1.2165165279910122
IL,2022-2023,5,2022-11-05,1.192198964156577,1.167317106512128,1.2173395719045594
IL,2022-2023,6,2022-11-12,1.1607890076313354,1.1382332372060096,1.1835630068927054
IL,2022-2023,7,2022-11-19,1.1000083298689018,1.079576337600175,1.1206292034526106
IL,2022-2023,8,2022-11-26,1.1450718399324031,1.1251595240403822,1.1651563889462353
IL,2022-2023,9,2022-12-03,1.1339985974911282,1.1154357508048929,1.1527125081260243
IL,2022-2023,10,2022-12-10,1.0787593676407796,1.0617212546102182,1.0959312257199239
IL,2022-2023,11,2022-12-17,0.9601819133322821,0.9446878856784225,0.9758002231391099
IL,2022-2023,12,2022-12-24,0.8436689013677998,0.8288632167255848,0.8586038345072114
IL,2022-2023,13,2022-12-31,0.8056624888313765,0.7899669723616519,0.8215102559239155
IL,2022-2023,14,2023-01-07,0.7400475741318657,0.7233672301086953,0.7569154081898551
IL,2022-2023,15,2023-01-14,0.7656549578393574,0.7460605961774657,0.7854997713541959
IL,2022-2023,16,2023-01-21,0.7828336646745631,0.7603193675372228,0.8056718812358177
IL,2022-2023,17,2023-01-28,0.8900636908987416,0.863061408000265,0.9174760986799517
IL,2022-2023,18,2023-02-04,0.9837095260849985,0.9536771765852053,1.0142009575578894
IL,2022-2023,19,2023-02-11,1.0598544177006266,1.02842122413579,1.0917541822407015
IL,2022-2023,20,2023-02-18,1.0647793650823,1.0341363673487838,1.095863523378063
IL,2022-2023,21,2023-02-25,1.0782588733478755,1.0483346959975322,1.108598281897048
IL,2022-2023,22,2023-03-04,1.0392732528110293,1.0109411527552288,1.0679914430163284
IL,2022-2023,23,2023-03-11,1.0137412974212343,0.9862732451414592,1.0415813584866758
IL,2022-2023,24,2023-03-18,0.9965034738885183,0.9694477778633549,1.023926346725306
IL,2022-2023,25,2023-03-25,0.9918463047716533,0.9648071322818785,1.0192539482935197
IL,2022-2023,26,2023-04-01,0.9469298695705262,0.9204083313410135,0.9738228611259314
IL,2022-2023,27,2023-04-08,0.902749256413188,0.8761709475592394,0.9297191510394124
IL,2022-2023,28,2023-04-15,0.8648970923822703,0.8375783735373655,0.8926480931701408
IL,2022-2023,29,2023-04-22,0.8957811326023742,0.8659735739962565,0.9260860088245083
IL,2022-2023,30,2023-04-29,0.9044565525940158,0.8728799680920796,0.9365863426450767
IL,2022-2023,31,2023-05-06,0.9427118623114586,0.9088774194033817,0.9771559811439833
IL,2022-2023,32,2023-05-13,0.9233256393791007,0.8888800778708835,0.958416832028153
IL,2022-2023,33,2023-05-20,0.71656442082839,0.6850776242944381,0.7487487209774834
MA,2017-2018,4,2017-10-28,1.2146762253493175,1.1371534231108367,1.2947190572077696
MA,2017-2018,5,2017-11-04,1.0528945138809744,0.9871671409974536,1.1207102156151008
MA,2017-2018,6,2017-11-11,1.172385362807435,1.1046317769561744,1.2421270538410598
MA,2017-2018,7,2017-11-18,1.127265264639863,1.0656810637542478,1.190554946799255
MA,2017-2018,8,2017-11-25,1.0982099327629573,1.0407990493123414,1.1571403459771261
MA,2017-2018,9,2017-12-02,1.049706406360622,0.996035864283721,1.104765471590196
MA,2017-2018,10,2017-12-09,1.0601521014745692,1.007434093173908,1.114195625966245
MA,2017-2018,11,2017-12-16,1.1241554806078757,1.0713312031857887,1.178233085988392
MA,2017-2018,12,2017-12-23,1.131273667227075,1.0811548293943818,1.182512096410041
MA,2017-2018,13,2017-12-30,1.1307382568498778,1.0834967057253702,1.1789737256788215
MA,2017-2018,14,2018-01-06,1.0424318714018401,0.9996770058568317,1.0860694465336422
MA,2017-2018,15,2018-01-13,1.0463928888659566,1.004394370957384,1.0892395570569846
MA,2017-2018,16,2018-01-20,1.1175534742625286,1.0750620531156418,1.1608569129487245
MA,2017-2018,17,2018-01-27,1.2961341194534468,1.2527133946201667,1.3402842625971996
MA,2017-2018,18,2018-02-03,1.3593046688194383,1.320044691312358,1.3991319294365465
MA,2017-2018,19,2018-02-10,1.2320973562840865,1.1998700058980298,1.264745843260828
MA,2017-2018,20,2018-02-17,1.0982721873600163,1.070765468757047,1.1261228938480141
MA,2017-2018,21,2018-02-24,0.9267226204836992,0.9025821260300523,0.9511772655315881
MA,2017-2018,22,2018-03-03,0.8136803816796491,0.7902305729417093,0.8374682766692684
MA,2017-2018,23,2018-03-10,0.726688267191326,0.7022430555901381,0.7515458635150571
MA,2017-2018,24,2018-03-17,0.7324590036683655,0.7038838112798822,0.761594786394159
MA,2017-2018,25,2018-03-24,0.8083789306243685,0.7735412902368691,0.8439731236575349
MA,2017-2018,26,2018-03-31,0.9295313036210427,0.8881466585028965,0.9718451043032065
MA,2017-2018,27,2018-04-07,1.0028296909869907,0.9582861061808576,1.0483709619442232
MA,2017-2018,28,2018-04-14,1.05103016195454,1.0054673263226193,1.0975884481008809
MA,2017-2018,29,2018-04-21,0.9339084495773414,0.8919885278566814,0.9767774271004394
MA,2017-2018,30,2018-04-28,0.8806898197790266,0.83864047132117725,0.9237532855445819
MA,2017-2018,31,2018-05-05,0.8342912954410823,0.7908179891105801,0.8789114235608861
MA,2017-2018,32,2018-05-12,0.8973224544166678,0.8481452095985089,0.9478660215263182
MA,2017-2018,33,2018-05-19,0.9007895422382246,0.848891766089207,0.9542053448465417
MA,2017-2018,34,2018-05-26,0.9252099322973937,0.8699052413659943,0.9821948818638114
MA,2017-2018,35,2018-06-02,0.8851876921476511,0.8290550742143666,0.9431329434463801
MA,2017-2018,36,2018-06-09,0.8392208323057553,0.781315144509316,0.8991670774348829
MA,2017-2018,37,2018-06-16,0.8005602543594686,0.7391156256426029,0.8644232754171441
MA,2017-2018,38,2018-06-23,0.8821559852690041,0.8104075675658666,0.9569041470018593
MA,2017-2018,39,2018-06-30,0.9953450155181751,0.9143193687615152,1.0797613887798225
MA,2017-2018,40,2018-07-07,0.9545491961254304,0.8750023461180817,1.0375072964914438
MA,2017-2018,41,2018-07-14,1.1186775388119568,1.0304394527068648,1.2104887452360913
MA,2017-2018,42,2018-07-21,1.0067051632897803,0.9273646337274027,1.089255754371776
MA,2017-2018,43,2018-07-28,1.0671580421431295,0.9856328681383705,1.1518764136363489
MA,2017-2018,44,2018-08-04,0.8829151303570116,0.81110496908495755,0.9577276171080776
MA,2017-2018,45,2018-08-11,0.9931977324771865,0.9122756264082267,1.077509345597114
MA,2017-2018,46,2018-08-18,1.0139457242882337,0.9318383478270806,1.0994703204371006
MA,2017-2018,47,2018-08-25,1.069594244240555,0.9857112097069924,1.1568537716496576
MA,2017-2018,48,2018-09-01,1.003514296163228,0.9248135881019645,1.0853828960580005
MA,2017-2018,49,2018-09-08,1.0564101530785082,0.9757060603865203,1.140275282949975
MA,2017-2018,50,2018-09-15,1.1377498785064473,1.0560398129787598,1.2224613790692915
MA,2017-2018,51,2018-09-22,1.1871945068368979,1.1086240194981882,1.2684167851864074
MA,2017-2018,52,2018-09-29,1.1011607384850095,1.0314436881674889,1.173125389650177
MA,2018-2019,4,2018-10-27,1.0397780536843657,0.9914771963735897,1.0892115022711137
MA,2018-2019,5,2018-11-03,0.9909913731319884,0.9447195476399447,1.0383539379283444
MA,2018-2019,6,2018-11-10,0.9966206764862932,0.9500056428714003,1.0443364828379342
MA,2018-2019,7,2018-11-17,1.016095455454214,0.9689349076192476,1.0643608920010879
MA,2018-2019,8,2018-11-24,1.0463859072581403,0.9988723190987666,1.0949879614795797
MA,2018-2019,9,2018-12-01,1.0663030373400524,1.0193527325619947,1.1142955656280766
MA,2018-2019,10,2018-12-08,1.0981835506477604,1.0519613023254373,1.1453856506389437
MA,2018-2019,11,2018-12-15,1.1087673075039968,1.0643498769669695,1.1540799980795506
MA,2018-2019,12,2018-12-22,1.1631784040542976,1.1198640197421714,1.2073031441654944
MA,2018-2019,13,2018-12-29,1.2264251127515728,1.1850460576013309,1.2685043408839205
MA,2018-2019,14,2019-01-05,1.1866473868467353,1.1497503003586582,1.2241190724670148
MA,2018-2019,15,2019-01-12,1.1015591997955638,1.068824881347918,1.1347803719674143
MA,2018-2019,16,2019-01-19,1.045084718981008,1.0146528895293485,1.0759599254197274
MA,2018-2019,17,2019-01-26,1.011425926939072,0.9821172092906605,1.0411595546623211
MA,2018-2019,18,2019-02-02,1.0238114375997502,0.9944808845147082,1.0535623161730552
MA,2018-2019,19,2019-02-09,1.0651674191218465,1.0355796688918935,1.0951661109723199
MA,2018-2019,20,2019-02-16,0.9826368486096879,0.9550726900279347,1.0105876683791364
MA,2018-2019,21,2019-02-23,0.9749859435903302,0.9472973553253241,1.0030678225977618
MA,2018-2019,22,2019-03-02,0.8722682749461963,0.8457674494043045,0.8991722022048086
MA,2018-2019,23,2019-03-09,0.9223912689747805,0.8932907905238217,0.9519516732306519
MA,2018-2019,24,2019-03-16,0.9321290366078405,0.9017158160226286,0.9630396379676387
MA,2018-2019,25,2019-03-23,0.9657837256869369,0.933758288642551,0.9983415991411826
MA,2018-2019,26,2019-03-30,1.0363149124760564,1.0025682773761966,1.0706123494349846
MA,2018-2019,27,2019-04-06,1.0017364358836438,0.9691203547240939,1.0348847910814745
MA,2018-2019,28,2019-04-13,1.0061269115503557,0.9734631533083643,1.039322146063328
MA,2018-2019,29,2019-04-20,0.9030596092785688,0.8722151744832267,0.9344325065784466
MA,2018-2019,30,2019-04-27,0.8420181819571955,0.8107541341871826,0.873865410003898
MA,2018-2019,31,2019-05-04,0.8148591910076416,0.7814750150917326,0.8489318339385136
MA,2018-2019,32,2019-05-11,0.8431900559023857,0.8057373277867965,0.8814816493298809
MA,2018-2019,33,2019-05-18,0.9416205116872408,0.8986536150252977,0.9855766740885429
MA,2018-2019,34,2019-05-25,0.9448036902386988,0.9004972750605934,0.9901591509864068
MA,2018-2019,35,2019-06-01,0.9335546349677225,0.888296520650159,0.9799214378742682
MA,2018-2019,36,2019-06-08,0.9148920752117706,0.8685906559680137,0.9623788571000927
MA,2018-2019,37,2019-06-15,0.8869141756429145,0.8393512625957738,0.9357693916070459
MA,2018-2019,38,2019-06-22,0.9519067359731356,0.8996966335615465,1.005568608199827
MA,2018-2019,39,2019-06-29,0.9314749246899414,0.878591401107691,0.9858821001178659
MA,2018-2019,40,2019-07-06,0.9240763171835061,0.8695802559420388,0.9802051823029814
MA,2018-2019,41,2019-07-13,0.9160762077941396,0.8597253222148726,0.9741905097389651
MA,2018-2019,42,2019-07-20,0.9115659677999124,0.8529444347166906,0.9721081311560593
MA,2018-2019,43,2019-07-27,0.9410591760186038,0.8787783301685442,1.005442029795103
MA,2018-2019,44,2019-08-03,0.9552997978058326,0.8906752748154937,1.0221554792683873
MA,2018-2019,45,2019-08-10,0.9735442279645892,0.906831303569246,1.0425913582295254
MA,2018-2019,46,2019-08-17,0.9659207508419243,0.8985902146749517,1.035649159690451
MA,2018-2019,47,2019-08-24,1.0024571112625333,0.93266952534162,1.0747267649503893
MA,2018-2019,48,2019-08-31,1.0482479707413757,0.9769021364484025,1.1220726114952935
MA,2018-2019,49,2019-09-07,1.1226991214706876,1.0504208006489129,1.1973481948128835
MA,2018-2019,50,2019-09-14,1.141209456377956,1.0722070878910943,1.2123331665693147
MA,2018-2019,51,2019-09-21,1.1242373838155406,1.059915408895599,1.19042735446277
MA,2018-2019,52,2019-09-28,1.1426765783016386,1.081327933211426,1.2056940429255056
MA,2019-2020,4,2019-10-26,1.0444604013220227,0.997314899750678,1.0926793973473679
MA,2019-2020,5,2019-11-02,1.0281113888839295,0.9823018910616668,1.074950211983803
MA,2019-2020,6,2019-11-09,1.065878593245263,1.019831181874758,1.1129285011365955
MA,2019-2020,7,2019-11-16,1.1304008482964873,1.0843827461187154,1.1773618202099632
MA,2019-2020,8,2019-11-23,1.1063952326563944,1.0634630172487474,1.1501650942506476
MA,2019-2020,9,2019-11-30,1.0865184038604183,1.0459847774627462,1.1278117731772779
MA,2019-2020,10,2019-12-07,1.0836296702777393,1.0447244458394993,1.123236184646643
MA,2019-2020,11,2019-12-14,1.0782082105307178,1.0408631776353128,1.1162022454866447
MA,2019-2020,12,2019-12-21,1.1332852721345303,1.0963448902326536,1.170829181041436
MA,2019-2020,13,2019-12-28,1.2111263253589863,1.175152729041235,1.2476347014590257
MA,2019-2020,14,2020-01-04,1.2616982468655242,1.2282067481082535,1.2956339854862446
MA,2019-2020,15,2020-01-11,1.1514708275075052,1.1228726930596715,1.1804235729879666
MA,2019-2020,16,2020-01-18,1.130348203512564,1.1038748400253764,1.1571308999969643
MA,2019-2020,17,2020-01-25,1.130564726822171,1.1056045914785089,1.1557996043923149
MA,2019-2020,18,2020-02-01,1.2105417766217055,1.1861910015881147,1.2351365264253362
MA,2019-2020,19,2020-02-08,1.166187988677318,1.1443926133211062,1.1881861083605254
MA,2019-2020,20,2020-02-15,1.03025588819415,1.0112392313143677,1.0494472324376114
MA,2019-2020,21,2020-02-22,0.90541645728823,0.8878489425176932,0.9231536854484887
MA,2019-2020,22,2020-02-29,0.8165305337198752,0.7990376229170834,0.834210226935588
MA,2019-2020,23,2020-03-07,0.8432512700271926,0.8236601992745293,0.8630693997014148
MA,2019-2020,24,2020-03-14,0.9631330641238017,0.9404022791545332,0.9861315206571036
MA,2019-2020,25,2020-03-21,0.9786408107006416,0.9553062854114173,1.002252979404415
MA,2019-2020,26,2020-03-28,0.9001694588953926,0.8775610733203778,0.9230613788754692
MA,2019-2020,27,2020-04-04,0.7915965766085933,0.7693084247700466,0.8141985634164803
MA,2019-2020,28,2020-04-11,0.7618994689283822,0.7374535294889835,0.7867384482320916
MA,2019-2020,29,2020-04-18,0.8403664112690606,0.8111208046627321,0.8701227250650275
MA,2019-2020,30,2020-04-25,0.8366216697734707,0.8049080227645119,0.8689395005038638
MA,2019-2020,31,2020-05-02,0.8506601950006598,0.8158323301633925,0.8862058144008649
MA,2019-2020,32,2020-05-09,0.8399959864933516,0.8026073899336578,0.8782237966523597
MA,2019-2020,33,2020-05-16,0.8656860244033887,0.8244273068601848,0.9079379598124201
MA,2019-2020,34,2020-05-23,0.8374550053206309,0.7939876843751601,0.882064380839864
MA,2019-2020,35,2020-05-30,0.8323932754559327,0.7852352289846378,0.880907048466211
MA,2019-2020,36,2020-06-06,0.8453396285976696,0.7934695186317751,0.8988287632068609
MA,2019-2020,37,2020-06-13,0.8791317080485421,0.8218066000314427,0.9383620875866013
MA,2019-2020,38,2020-06-20,0.9188939379822567,0.8565430781781217,0.9834042405223079
MA,2019-2020,39,2020-06-27,0.9275186724889329,0.8622745016101346,0.9951084179120789
MA,2019-2020,40,2020-07-04,0.9291435758508031,0.8614361140910147,0.9993760024377066
MA,2019-2020,41,2020-07-11,1.0157859157700264,0.942382054207895,1.0919034783225496
MA,2019-2020,42,2020-07-18,0.9889933537876687,0.9170762726395121,1.0635865255054975
MA,2019-2020,43,2020-07-25,1.0164289080463949,0.9430800264301807,1.0924855708896906
MA,2019-2020,44,2020-08-01,1.0354685256082192,0.961953143151188,1.111652346359392
MA,2019-2020,45,2020-08-08,1.037664019032713,0.965239271822141,1.1126715090173458
MA,2019-2020,46,2020-08-15,1.1286573971176281,1.054347566466088,1.2054617935766945
MA,2019-2020,47,2020-08-22,1.0575527045890654,0.989654287684738,1.1276719292059596
MA,2019-2020,48,2020-08-29,1.0192773386017873,0.9543649461834265,1.0862951526201228
MA,2019-2020,49,2020-09-05,0.9653971134884917,0.9027980340095603,1.0300647547646318
MA,2019-2020,50,2020-09-12,0.973619020825331,0.9096633315798126,1.0397166126938846
MA,2019-2020,51,2020-09-19,1.0058209215952079,0.9399377180085386,1.0739040954264245
MA,2019-2020,52,2020-09-26,1.0138384148687478,0.9478408207594483,1.0820257040254357
MA,2020-2021,4,2020-10-24,0.9964142020595319,0.9447695755516302,1.0494137573785967
MA,2020-2021,5,2020-10-31,0.9440905901151745,0.8937470909370243,0.9957940121428968
MA,2020-2021,6,2020-11-07,1.0995761894265492,1.0436632780280581,1.156927519464382
MA,2020-2021,7,2020-11-14,1.0965943800063893,1.0432169294666256,1.15128484619222
MA,2020-2021,8,2020-11-21,1.0744579158808485,1.0238953721068447,1.1262219151110129
MA,2020-2021,9,2020-11-28,1.0341180947325197,0.9861889763381481,1.0831684812149343
MA,2020-2021,10,2020-12-05,1.0341767186984354,0.9869993376672269,1.0824400026927772
MA,2020-2021,11,2020-12-12,1.017073065466204,0.9710277533565744,1.0641699997702765
MA,2020-2021,12,2020-12-19,0.9725500581723114,0.9278893678575176,1.0182457107698542
MA,2020-2021,13,2020-12-26,0.9494774257034974,0.9047571540533206,0.9952612835041329
MA,2020-2021,14,2021-01-02,0.9874511106232557,0.9406819537052102,1.035338960120083
MA,2020-2021,15,2021-01-09,1.0090602185790845,0.9614779697189976,1.0577754770553738
MA,2020-2021,16,2021-01-16,0.9230658466639367,0.8777658584804184,0.9694895419460455
MA,2020-2021,17,2021-01-23,0.8879999604829741,0.8418435250694295,0.935370876907099
MA,2020-2021,18,2021-01-30,0.8776613719233235,0.8290975055028976,0.9275879113668932
MA,2020-2021,19,2021-02-06,0.8956174623031766,0.843395970480673,0.9493854100900635
MA,2020-2021,20,2021-02-13,0.887846715793949,0.8330401205976632,0.9443746307841518
MA,2020-2021,21,2021-02-20,0.8578906178989352,0.8008822507928492,0.9168311707940695
MA,2020-2021,22,2021-02-27,0.9551887653785491,0.8904146128936723,1.0222048737672977
MA,2020-2021,23,2021-03-06,1.0032607946025163,0.9353506368972067,1.0735170190398333
MA,2020-2021,24,2021-03-13,1.0653837837577504,0.995440111596873,1.1376685166635319
MA,2020-2021,25,2021-03-20,1.0530362859057505,0.9855381365033624,1.1227384289965443
MA,2020-2021,26,2021-03-27,1.0545829320651974,0.9886481807521955,1.1226159519891512
MA,2020-2021,27,2021-04-03,1.0562455445330192,0.9918810274824371,1.1226047860757267
MA,2020-2021,28,2021-04-10,1.0935049065178866,1.0296589784924008,1.1592441586683293
MA,2020-2021,29,2021-04-17,1.0201056570158735,0.9610220795809776,1.0809268847752018
MA,2020-2021,30,2021-04-24,0.9589570524053247,0.9022212189396214,1.0173984589269913
MA,2020-2021,31,2021-05-01,0.9335633792650397,0.8764501059063597,0.9924538654515481
MA,2020-2021,32,2021-05-08,0.9953865499102501,0.9344005159903407,1.058273218791271
MA,2020-2021,33,2021-05-15,1.0672806528695329,1.0039305839688017,1.1325415143756545
MA,2020-2021,34,2021-05-22,1.0815776925527403,1.0197231689933512,1.1452277549698768
MA,2020-2021,35,2021-05-29,1.0454064215367112,0.9868221976157248,1.1056560783804594
MA,2020-2021,36,2021-06-05,1.0677974642015198,1.0098036075780583,1.1273877061428779
MA,2020-2021,37,2021-06-12,1.0660623725746212,1.0098848994135494,1.1237389848596537
MA,2020-2021,38,2021-06-19,1.1165207564845274,1.0607263297894118,1.173725136800344
MA,2020-2021,39,2021-06-26,1.0642857084531048,1.0126097792280007,1.117229556853663
MA,2020-2021,40,2021-07-03,1.010015068232111,0.9611559758281196,1.0600684125676176
MA,2020-2021,41,2021-07-10,1.0157503851469247,0.9669733734448935,1.0657107036302242
MA,2020-2021,42,2021-07-17,1.0096172127435838,0.9613395740704773,1.0590609733422307
MA,2020-2021,43,2021-07-24,1.075229382665132,1.0256049239765301,1.1260097608840656
MA,2020-2021,44,2021-07-31,1.0927576597961943,1.044420049826012,1.1421733633754567
MA,2020-2021,45,2021-08-07,1.1040932972266801,1.0575136506458511,1.1516627304833986
MA,2020-2021,46,2021-08-14,1.0728592710275435,1.0290690085340393,1.117549161201962
MA,2020-2021,47,2021-08-21,1.0127833095848127,0.971651830301641,1.0547554816473206
MA,2020-2021,48,2021-08-28,0.986665097894052,0.9463133425876499,1.0278475135390108
MA,2020-2021,49,2021-09-04,0.986981686074375,0.9463570551593374,1.0284480930709468
MA,2020-2021,50,2021-09-11,1.0620415710912459,1.0196121862219623,1.10532376234719
MA,2020-2021,51,2021-09-18,1.0711815569804246,1.0297711564828982,1.1133968315924883
MA,2020-2021,52,2021-09-25,1.094386801222108,1.0538768566025696,1.135650034062492
MA,2020-2021,53,2021-10-02,1.0476482203184108,1.0096927543217322,1.0862941931105263
MA,2021-2022,4,2021-10-30,0.9414648383731198,0.9050476445767978,0.9785902813546393
MA,2021-2022,5,2021-11-06,0.98313957133742,0.9448306054313567,1.0221991672685706
MA,2021-2022,6,2021-11-13,1.07718354676663,1.0367310249643733,1.1183994281772658
MA,2021-2022,7,2021-11-20,1.1456965551103404,1.1054196331263741,1.1866841020520693
MA,2021-2022,8,2021-11-27,1.1305359878864958,1.0930527659909979,1.168642292751197
MA,2021-2022,9,2021-12-04,1.2582243653279825,1.220925113034198,1.296077000956429
MA,2021-2022,10,2021-12-11,1.224393157015373,1.1914510206353865,1.2577782543018112
MA,2021-2022,11,2021-12-18,1.1584794364985898,1.1294170097565173,1.1879059123833704
MA,2021-2022,12,2021-12-25,1.0599891203047576,1.034096542512399,1.0861974089340543
MA,2021-2022,13,2022-01-01,1.1706391917704584,1.1441724238602358,1.1974043754050485
MA,2021-2022,14,2022-01-08,1.0413167475392036,1.0181848989653928,1.0647048052331636
MA,2021-2022,15,2022-01-15,0.8722852374909533,0.8515329241839271,0.8932839139022547
MA,2021-2022,16,2022-01-22,0.6341098421181988,0.6152401756478455,0.6532605515913555
MA,2021-2022,17,2022-01-29,0.5573251011815482,0.535375007872895,0.5797100021296726
MA,2021-2022,18,2022-02-05,0.646466694717107,0.6152709514862759,0.6784230286068523
MA,2021-2022,19,2022-02-12,0.7482055521677531,0.70688827970003,0.7906797609336437
MA,2021-2022,20,2022-02-19,0.8590585610730731,0.8081860683861151,0.9114618247648689
MA,2021-2022,21,2022-02-26,0.9337341654193712,0.8766668670102996,0.9925754362638475
MA,2021-2022,22,2022-03-05,1.0756526681564824,1.0122758090584505,1.140926621035198
MA,2021-2022,23,2022-03-12,1.3282702176492207,1.2601217063580696,1.3981880839547418
MA,2021-2022,24,2022-03-19,1.328334577758278,1.2688363169310384,1.3891769493436206
MA,2021-2022,25,2022-03-26,1.3643823613419217,1.3117507997130373,1.4180346512995057
MA,2021-2022,26,2022-04-02,1.3417883071999093,1.2968381589112372,1.3874935663566315
MA,2021-2022,27,2022-04-09,1.3804347217117436,1.3408534026961891,1.4205837621316413
MA,2021-2022,28,2022-04-16,1.3215785285471897,1.2884299477648444,1.3551422741928796
MA,2021-2022,29,2022-04-23,1.1253397736835333,1.098612619997636,1.1523836755084222
MA,2021-2022,30,2022-04-30,1.0068305872027958,0.982955061414595,1.0309886229581768
MA,2021-2022,31,2022-05-07,0.9873376320083594,0.9637729273058433,1.0111829938690369
MA,2021-2022,32,2022-05-14,1.0550273089537205,1.030512627562454,1.0798261541446457
MA,2021-2022,33,2022-05-21,0.9799747737277811,0.9569520362708547,1.0032673690961476
MA,2021-2022,34,2022-05-28,0.8597415838001348,0.8379752472874209,0.881783113579198
MA,2021-2022,35,2022-06-04,0.7445245583852693,0.7227598967886689,0.7666075798818814
MA,2021-2022,36,2022-06-11,0.7698371186311664,0.7443570342464793,0.7957400144328517
MA,2021-2022,37,2022-06-18,0.8171007613228959,0.7873487390138869,0.8473968256899012
MA,2021-2022,38,2022-06-25,0.8736770445579802,0.8397818595048976,0.9082334217867603
MA,2021-2022,39,2022-07-02,0.9021753399968573,0.865424162405724,0.9396800192922747
MA,2021-2022,40,2022-07-09,0.9168207037162212,0.8778949147949561,0.9565790328959014
MA,2021-2022,41,2022-07-16,0.8979472564374235,0.857790312243479,0.9390099097014092
MA,2021-2022,42,2022-07-23,0.9244685950686257,0.8815607706456053,0.9683816743717077
MA,2021-2022,43,2022-07-30,0.94394669486322,0.8989176304612343,0.9900607384796585
MA,2021-2022,44,2022-08-06,1.0064095185505573,0.9585867546342229,1.0553800036755197
MA,2021-2022,45,2022-08-13,0.9977363136038729,0.950255031765041,1.0463588609551526
MA,2021-2022,46,2022-08-20,0.9876940712465604,0.9403934678305736,1.0361389635874103
MA,2021-2022,47,2022-08-27,1.0141174521672267,0.9658853720347682,1.0635081362374452
MA,2021-2022,48,2022-09-03,0.9810355022608752,0.9339112066851887,1.0293033664995974
MA,2021-2022,49,2022-09-10,1.041019819608104,0.9920022299969129,1.0912028502065163
MA,2021-2022,50,2022-09-17,1.1611060530762398,1.1102788362091582,1.213054845346746
MA,2021-2022,51,2022-09-24,1.2588490391461074,1.2095502391109367,1.3091187574699548
MA,2021-2022,52,2022-10-01,1.2131671832960476,1.169837983516608,1.2572732775525273
MA,2022-2023,4,2022-10-29,1.126843606765357,1.0943260974479903,1.1598305580697394
MA,2022-2023,5,2022-11-05,1.190866585132627,1.159298980213674,1.2228523245296392
MA,2022-2023,6,2022-11-12,1.1647379165282394,1.136036596440155,1.1937923082273274
MA,2022-2023,7,2022-11-19,1.0887706142032703,1.062989932573594,1.114855895253285
MA,2022-2023,8,2022-11-26,1.1419799802668438,1.1166316319600673,1.1676088679615477
MA,2022-2023,9,2022-12-03,1.4204212074324942,1.3938864778112456,1.4472026539532956
MA,2022-2023,10,2022-12-10,1.420646568366067,1.3982509296031125,1.4432176734217952
MA,2022-2023,11,2022-12-17,1.2795354706837998,1.2616061042382443,1.2975895899522776
MA,2022-2023,12,2022-12-24,1.0869974510178129,1.0723330222927074,1.101760091066111
MA,2022-2023,13,2022-12-31,0.9646871757143989,0.9514206694340184,0.9780442642331472
MA,2022-2023,14,2023-01-07,0.8207807350675461,0.8083342218493745,0.8333210241017869
MA,2022-2023,15,2023-01-14,0.7012221073516395,0.6885793652531084,0.7139782648366709
MA,2022-2023,16,2023-01-21,0.6183724652503504,0.6043106505429539,0.6325937592130414
MA,2022-2023,17,2023-01-28,0.6773570496820948,0.6588498103780303,0.696117067407412
MA,2022-2023,18,2023-02-04,0.8154489298776594,0.7909775765556145,0.8402878898797973
MA,2022-2023,19,2023-02-11,0.9479629367555109,0.9188505997998262,0.9775229674467433
MA,2022-2023,20,2023-02-18,1.0092710634632516,0.9784394785965628,1.0405742403871208
MA,2022-2023,21,2023-02-25,0.9798277946693517,0.9495830970825336,1.0105400136504328
MA,2022-2023,22,2023-03-04,0.9362864686525171,0.9064341329611002,0.9666157010018825
MA,2022-2023,23,2023-03-11,0.9294848288750113,0.8987868464126519,0.9606910942552295
MA,2022-2023,24,2023-03-18,0.987057196947127,0.9542837394498356,1.0203762479722462
MA,2022-2023,25,2023-03-25,1.0643410158927151,1.030079841411711,1.0991548624416625
MA,2022-2023,26,2023-04-01,1.0333455471153548,1.0005816085867436,1.066629941672096
MA,2022-2023,27,2023-04-08,1.0347877550858968,1.0025100313273871,1.0675697670531938
MA,2022-2023,28,2023-04-15,0.9935898745070291,0.9624778707504521,1.0251898554616776
MA,2022-2023,29,2023-04-22,0.9073882951373057,0.8775733323389018,0.9376943538413088
MA,2022-2023,30,2023-04-29,0.9138743845056883,0.8825258607064181,0.9457623657149976
MA,2022-2023,31,2023-05-06,0.8974039552822897,0.8649698989877961,0.9304266248948266
MA,2022-2023,32,2023-05-13,1.0437522917728932,1.0068853176155816,1.08127286563403
MA,2022-2023,33,2023-05-20,1.041888429316422,1.0057956907782437,1.0786085074181913
MI,2017-2018,4,2017-10-28,1.1035053718410968,1.038126719535695,1.1708522304979156
MI,2017-2018,5,2017-11-04,1.0337855149399273,0.9734263933783956,1.0959345608482087
MI,2017-2018,6,2017-11-11,1.0640028549313263,1.003697744686958,1.1260424076143574
MI,2017-2018,7,2017-11-18,1.0190952383729857,0.9617951650378876,1.078029825289597
MI,2017-2018,8,2017-11-25,1.0732926137545062,1.0149776088471638,1.1332134867580732
MI,2017-2018,9,2017-12-02,0.9926408672294489,0.9384327416860182,1.0483495973240884
MI,2017-2018,10,2017-12-09,1.10326721028826,1.0458602391994252,1.1621863498334037
MI,2017-2018,11,2017-12-16,1.0887694486253308,1.0343438881387104,1.1445708352759307
MI,2017-2018,12,2017-12-23,1.103607151769167,1.0509775800267247,1.1575044484025303
MI,2017-2018,13,2017-12-30,1.0291762873158685,0.9807022089452484,1.0788032289520462
MI,2017-2018,14,2018-01-06,1.0788991339929186,1.029922497656374,1.128997441189873
MI,2017-2018,15,2018-01-13,1.2924434772149742,1.2406897759443474,1.3452398566361934
MI,2017-2018,16,2018-01-20,1.3433866662943577,1.296724389417866,1.3908622147528495
MI,2017-2018,17,2018-01-27,1.2794024466999785,1.2399007964497062,1.3195148670257597
MI,2017-2018,18,2018-02-03,1.1382633264488955,1.1051843500947658,1.1718232718702115
MI,2017-2018,19,2018-02-10,1.0128685972887508,0.9835599865493131,1.0426015009142475
MI,2017-2018,20,2018-02-17,0.8925070269472655,0.8651754098970316,0.9202577444370877
MI,2017-2018,21,2018-02-24,0.8133520170466785,0.7858109329579267,0.8413608315164091
MI,2017-2018,22,2018-03-03,0.810294269265253,0.7799543075127977,0.8412050395531976
MI,2017-2018,23,2018-03-10,0.8331698426666554,0.7991479338134578,0.867891010822741
MI,2017-2018,24,2018-03-17,0.8009669257890505,0.7645773999644548,0.8381905452764968
MI,2017-2018,25,2018-03-24,0.8646053145748744,0.8225594370276119,0.9076844745318103
MI,2017-2018,26,2018-03-31,0.9138172398056592,0.8674605419772686,0.9613636034826512
MI,2017-2018,27,2018-04-07,0.9892664951370445,0.9388768344247059,1.040954755948437
MI,2017-2018,28,2018-04-14,0.8817327603870777,0.8339372930839727,0.9308412600133671
MI,2017-2018,29,2018-04-21,0.8848484094022571,0.8340025857849792,0.937177478028838
MI,2017-2018,30,2018-04-28,0.8332849588921124,0.7809967335407277,0.887243423877527
MI,2017-2018,31,2018-05-05,0.7322174139775584,0.6788225317465777,0.7876049691868495
MI,2017-2018,32,2018-05-12,0.7772872047258651,0.7135051475640485,0.8437607172021163
MI,2017-2018,33,2018-05-19,0.8234970661870927,0.7494795114910646,0.9009501012632503
MI,2017-2018,34,2018-05-26,0.9947683358324897,0.9053565786682816,1.0883300860456715
MI,2017-2018,35,2018-06-02,0.8230321310562492,0.7416174336785394,0.9086258466400812
MI,2017-2018,36,2018-06-09,0.781389095264877,0.6944703062098203,0.8733584859934302
MI,2017-2018,37,2018-06-16,1.0035907343198025,0.8925054983803136,1.1210970698749756
MI,2017-2018,38,2018-06-23,0.9352786863505692,0.8281820996442638,1.0487928157362636
MI,2017-2018,39,2018-06-30,0.9859191937350733,0.8722222932932104,1.10648057283372
MI,2017-2018,40,2018-07-07,0.7223478157617917,0.6247556018870475,0.8269188298531676
MI,2017-2018,41,2018-07-14,0.8645002218018291,0.7397798053675245,0.9987933741895323
MI,2017-2018,42,2018-07-21,0.8301289466222257,0.6992106904919179,0.9721156528771786
MI,2017-2018,43,2018-07-28,1.0759986386109153,0.9122581959170903,1.253054835949023
MI,2017-2018,44,2018-08-04,1.1855826534522702,1.018704653852047,1.3649326381676623
MI,2017-2018,45,2018-08-11,1.0321114364133084,0.8883629969450301,1.1864814481269488
MI,2017-2018,46,2018-08-18,0.9778086505499823,0.8398069617740124,1.1261540442593037
MI,2017-2018,47,2018-08-25,0.8409434446320663,0.7117530106795541,0.980748803355478
MI,2017-2018,48,2018-09-01,0.9987149345150349,0.84528676213502,1.1647495240865045
MI,2017-2018,49,2018-09-08,1.199726305305409,1.0304045713363166,1.3817392901607346
MI,2017-2018,50,2018-09-15,1.563142677258431,1.3844643501755047,1.7525080107821487
MI,2017-2018,51,2018-09-22,1.5759919822476123,1.4305338050900256,1.7283918135461545
MI,2017-2018,52,2018-09-29,1.188793336002019,1.0872590447409858,1.2947951207621875
MI,2018-2019,4,2018-10-27,1.0836260594578404,1.013671225022461,1.1558819630544472
MI,2018-2019,5,2018-11-03,1.0616198470514666,0.9949690143005442,1.1304008487556017
MI,2018-2019,6,2018-11-10,1.0972806127842687,1.0313785253445165,1.1651947431986371
MI,2018-2019,7,2018-11-17,1.0183144902907928,0.9575875987807897,1.0808819034999844
MI,2018-2019,8,2018-11-24,0.8846984707529405,0.8286266818255434,0.942579934994503
MI,2018-2019,9,2018-12-01,1.0006707551787466,0.9373830093663,1.06599659764778
MI,2018-2019,10,2018-12-08,0.9988526341579558,0.9356129481415565,1.0641310979374419
MI,2018-2019,11,2018-12-15,1.2499078209836074,1.178975774297686,1.3228826293674307
MI,2018-2019,12,2018-12-22,1.0093096577890037,0.9520801529735997,1.0681858661181154
MI,2018-2019,13,2018-12-29,0.9921336304791437,0.9356377464936751,1.0502622574130274
MI,2018-2019,14,2019-01-05,1.0047435667414026,0.9476516865295778,1.0634817905795144
MI,2018-2019,15,2019-01-12,1.0588478249681634,1.0003292069131806,1.1190063969957473
MI,2018-2019,16,2019-01-19,1.1410715563002587,1.081908311245967,1.2017875505522477
MI,2018-2019,17,2019-01-26,0.943401502370844,0.892943125875276,0.9952271265153827
MI,2018-2019,18,2019-02-02,0.9319336079766432,0.8803666817129256,0.9849474713251819
MI,2018-2019,19,2019-02-09,0.9343953780340589,0.8809811463079027,0.9893594514282775
MI,2018-2019,20,2019-02-16,1.129496399428703,1.068739766288759,1.1919089865701804
MI,2018-2019,21,2019-02-23,1.0878133254303413,1.0315508735448755,1.1455486474004808
MI,2018-2019,22,2019-03-02,1.115785725981015,1.061027898698212,1.1719018705987325
MI,2018-2019,23,2019-03-09,1.0891572363387456,1.0378130440875204,1.1417236495961514
MI,2018-2019,24,2019-03-16,1.169565009615959,1.118457625119174,1.2217981222218157
MI,2018-2019,25,2019-03-23,1.1192217214329465,1.0728430163323461,1.166568057160165
MI,2018-2019,26,2019-03-30,1.0116568191799873,0.9698954273481866,1.0542861118487656
MI,2018-2019,27,2019-04-06,0.9258534974636627,0.8861371553945397,0.9664282771200189
MI,2018-2019,28,2019-04-13,0.8076768246528275,0.7692173357553442,0.847061295675872
MI,2018-2019,29,2019-04-20,0.8400727403889467,0.7966389169097784,0.8846431874286114
MI,2018-2019,30,2019-04-27,0.765676298515779,0.7206455859143454,0.8120523991913071
MI,2018-2019,31,2019-05-04,0.8132467671076167,0.7605428496162123,0.8676912641765069
MI,2018-2019,32,2019-05-11,0.8262091770371823,0.7675897563196447,0.88695487484107
MI,2018-2019,33,2019-05-18,0.9131358894045116,0.8455889590178609,0.983241362114708
MI,2018-2019,34,2019-05-25,0.8755897308417041,0.8065257160722689,0.9474504295078575
MI,2018-2019,35,2019-06-01,0.8352335389955862,0.7634072785937448,0.9102428149910642
MI,2018-2019,36,2019-06-08,0.866886314978225,0.787146882607408,0.9504176063364452
MI,2018-2019,37,2019-06-15,0.9507508617332789,0.8612565924204779,1.0446051773843552
MI,2018-2019,38,2019-06-22,0.8646448454879778,0.7772688001495778,0.956607926158337
MI,2018-2019,39,2019-06-29,0.8432979758983546,0.7508598774135782,0.9410244304896326
MI,2018-2019,40,2019-07-06,0.7918586175286205,0.6948372229308056,0.8951282304090546
MI,2018-2019,41,2019-07-13,0.9820819911339983,0.8610197239599571,1.1109915091721874
MI,2018-2019,42,2019-07-20,0.8252075036414638,0.7134435037566581,0.9449849291436121
MI,2018-2019,43,2019-07-27,1.0325189919297553,0.8950333646879322,1.1796838735467399
MI,2018-2019,44,2019-08-03,0.8857424764882055,0.7603972921270946,1.020510065788111
MI,2018-2019,45,2019-08-10,1.078521217629395,0.9313543982367067,1.2363249254882194
MI,2018-2019,46,2019-08-17,0.9804885354345177,0.8449884032306466,1.1259171687239624
MI,2018-2019,47,2019-08-24,1.0677635384725457,0.9245560231641928,1.2211315494463009
MI,2018-2019,48,2019-08-31,1.1426302358496416,0.9985049261879151,1.2963298883246441
MI,2018-2019,49,2019-09-07,1.5338291881487895,1.3760066560926065,1.700096295009737
MI,2018-2019,50,2019-09-14,1.488975718009497,1.3619261510992797,1.6216097870882007
MI,2018-2019,51,2019-09-21,1.2532963505585313,1.1569525936992422,1.3534382728158227
MI,2018-2019,52,2019-09-28,1.0208234552765476,0.9428379962039376,1.1018634674376622
MI,2019-2020,4,2019-10-26,1.0959380731337647,1.0157936215977548,1.179082273402305
MI,2019-2020,5,2019-11-02,1.044364913599922,0.9694638057180861,1.1220134505667188
MI,2019-2020,6,2019-11-09,1.0456113492289196,0.9721564408282755,1.1217034320745045
MI,2019-2020,7,2019-11-16,1.0718986860812458,0.9990324503691763,1.1472933428337149
MI,2019-2020,8,2019-11-23,1.0594452413274116,0.9893294107365548,1.1319275142756138
MI,2019-2020,9,2019-11-30,1.0205070314804308,0.9535477402993469,1.0897061735850408
MI,2019-2020,10,2019-12-07,1.1396271183193525,1.0694546542769716,1.2119977944114566
MI,2019-2020,11,2019-12-14,1.1400788759403413,1.0741049814605341,1.207991297068745
MI,2019-2020,12,2019-12-21,1.1707639584606522,1.1079312277398554,1.235305211653735
MI,2019-2020,13,2019-12-28,0.9814879684962462,0.9281817241653628,1.036261563176918
MI,2019-2020,14,2020-01-04,1.0416198587176262,0.9861794885639842,1.0985549554764935
MI,2019-2020,15,2020-01-11,1.1393773909013896,1.0824595071669383,1.1977331333174714
MI,2019-2020,16,2020-01-18,1.1713507121360136,1.1171071663155154,1.226862146733358
MI,2019-2020,17,2020-01-25,1.2317092652332906,1.1801187670225266,1.2843879891184458
MI,2019-2020,18,2020-02-01,1.1499248214918056,1.10482801581913,1.1959110699533668
MI,2019-2020,19,2020-02-08,1.211774096412542,1.1684656239781996,1.2558596219677343
MI,2019-2020,20,2020-02-15,1.0531684057511115,1.0163705061119597,1.0906115113113128
MI,2019-2020,21,2020-02-22,0.9599985178486123,0.9257401124523897,0.9948706548359173
MI,2019-2020,22,2020-02-29,0.8292283934729354,0.7967804638617647,0.8623148459721905
MI,2019-2020,23,2020-03-07,0.878282355644563,0.8417555710872456,0.9155740507414979
MI,2019-2020,24,2020-03-14,0.8663123587710181,0.8277121306813352,0.9057799220724598
MI,2019-2020,25,2020-03-21,0.8038314306892274,0.7640276863900587,0.8446316612052278
MI,2019-2020,26,2020-03-28,0.5864895984345325,0.5488555173109583,0.6253539145526639
MI,2019-2020,27,2020-04-04,0.512122477802045,0.46700428373120245,0.5592913463870725
MI,2019-2020,28,2020-04-11,0.6448470999403014,0.5754869837990817,0.7180965715863047
MI,2019-2020,29,2020-04-18,0.8535901716337263,0.7551535478423541,0.9579699310817055
MI,2019-2020,30,2020-04-25,0.9499644027001839,0.8377839916849689,1.0690908481160577
MI,2019-2020,31,2020-05-02,0.8428505306424567,0.7346716494382554,0.9583509222411415
MI,2019-2020,32,2020-05-09,0.8508534024211696,0.7329646279519741,0.9774042863675185
MI,2019-2020,33,2020-05-16,0.7729610300268079,0.6518714306737605,0.9042137663018432
MI,2019-2020,34,2020-05-23,0.6982914622294792,0.5687698645108287,0.8409005117187798
MI,2019-2020,35,2020-05-30,1.337618677325399,1.1222666269484183,1.571592167537671
MI,2019-2020,36,2020-06-06,1.111917731638521,0.9405507177190281,1.2974142318761417
MI,2019-2020,37,2020-06-13,1.3536005928211123,1.1724948074923671,1.5475224287240248
MI,2019-2020,38,2020-06-20,0.8710908391882314,0.7457710829993022,1.006000254002873
MI,2019-2020,39,2020-06-27,0.9758510216166084,0.8338644730863785,1.1288361862742493
MI,2019-2020,40,2020-07-04,0.7888244048375761,0.6600028562979446,0.9289600335270499
MI,2019-2020,41,2020-07-11,1.0948961883314956,0.9239402399997191,1.2801489456600763
MI,2019-2020,42,2020-07-18,0.9043114864253722,0.7555498727333632,1.0662430425733622
MI,2019-2020,43,2020-07-25,1.0253385768578671,0.8584945635572014,1.2067784703341302
MI,2019-2020,44,2020-08-01,1.0446817384068898,0.877660684328777,1.2260354956207697
MI,2019-2020,45,2020-08-08,0.9997902592192184,0.8393898535554781,1.1740075409442883
MI,2019-2020,46,2020-08-15,1.203810051786586,1.026617745460854,1.394901032086154
MI,2019-2020,47,2020-08-22,1.0352757189225759,0.8846428632398973,1.197576954272056
MI,2019-2020,48,2020-08-29,1.173214307266941,1.0147081429270421,1.3430552165635679
MI,2019-2020,49,2020-09-05,0.9060897046821919,0.777166792784686,1.0447609600024375
MI,2019-2020,50,2020-09-12,0.8244066296757931,0.6956846387791016,0.9638934622495157
MI,2019-2020,51,2020-09-19,1.0050815628633478,0.8486644539449882,1.1745328635719778
MI,2019-2020,52,2020-09-26,1.1090712558914342,0.9443714851585125,1.2868143799533505
MI,2020-2021,4,2020-10-24,0.7952387291032222,0.6667558462149584,0.9348743599008175
MI,2020-2021,5,2020-10-31,1.055617151232391,0.8896953590324944,1.2355155437323342
MI,2020-2021,6,2020-11-07,1.3809917546559844,1.194413987354907,1.5809116617770538
MI,2020-2021,7,2020-11-14,1.3392957328134196,1.181139547854402,1.5072446996980917
MI,2020-2021,8,2020-11-21,1.0427986255861674,0.9214564612071152,1.171537220353463
MI,2020-2021,9,2020-11-28,0.9476370825311524,0.8342374238821008,1.068158176091726
MI,2020-2021,10,2020-12-05,0.8978466252286886,0.7845970202122423,1.0186194788989662
MI,2020-2021,11,2020-12-12,0.9421004717068625,0.8198214547171196,1.0727551837214329
MI,2020-2021,12,2020-12-19,0.8088571289051957,0.6924906449222633,0.9341281534873646
MI,2020-2021,13,2020-12-26,0.8690410207933091,0.73553408008822585,1.0135175518048876
MI,2020-2021,14,2021-01-02,0.7802381828916275,0.6452782353353511,0.9278229058561662
MI,2020-2021,15,2021-01-09,1.3977626185710337,1.192021869261853,1.619641334912058
MI,2020-2021,16,2021-01-16,1.0334693743638836,0.8826677415991425,1.195988746313893
MI,2020-2021,17,2021-01-23,1.0475859323599601,0.8977093874487824,1.2088626295761855
MI,2020-2021,18,2021-01-30,0.8903779136881145,0.7553066319884044,1.0363963306190351
MI,2020-2021,19,2021-02-06,1.0137467821045174,0.8609083603173351,1.1788894307092155
MI,2020-2021,20,2021-02-13,1.0765025563029296,0.9194216140003854,1.2457891589761994
MI,2020-2021,21,2021-02-20,0.8804550701842082,0.7434331192309107,1.0288950201054732
MI,2020-2021,22,2021-02-27,1.1650321200682192,0.9964802137684449,1.3465604489418033
MI,2020-2021,23,2021-03-06,1.045262206770377,0.8965371448952772,1.2052329266700124
MI,2020-2021,24,2021-03-13,1.0057487747480693,0.8626458788561565,1.1596722156727535
MI,2020-2021,25,2021-03-20,0.8732883899124264,0.7403954452259557,1.0169884987685347
MI,2020-2021,26,2021-03-27,0.9739360162838677,0.8238345275583768,1.1364136145229076
MI,2020-2021,27,2021-04-03,1.2134490425757494,1.0426486785081766,1.397014538077182
MI,2020-2021,28,2021-04-10,1.1956972863826119,1.040502916793482,1.3615219402285903
MI,2020-2021,29,2021-04-17,1.170231113526806,1.0288300399324277,1.3206043711799313
MI,2020-2021,30,2021-04-24,0.8039663464637282,0.6956130696058092,0.9200475488620956
MI,2020-2021,31,2021-05-01,1.0459243704747438,0.9082857396593476,1.1931311718723676
MI,2020-2021,32,2021-05-08,0.7237970003338483,0.6122465437651595,0.8445449717206962
MI,2020-2021,33,2021-05-15,0.9787893293388619,0.826960806496856,1.1432247725765003
MI,2020-2021,34,2021-05-22,0.6631577767243138,0.5377762831578075,0.8014803948608371
MI,2020-2021,35,2021-05-29,0.7864210699003769,0.6206312101129816,0.9715398197876988
MI,2020-2021,36,2021-06-05,1.2095837971076138,0.97629023501384,1.4674961056901645
MI,2020-2021,37,2021-06-12,1.0474325437803649,0.8484237233205922,1.2670941354820964
MI,2020-2021,38,2021-06-19,0.9569186446293481,0.7704512008784231,1.1632900307505458
MI,2020-2021,39,2021-06-26,0.7081908825134566,0.5453932742125616,0.8919262188022152
MI,2020-2021,40,2021-07-03,0.6237862208575904,0.4456420215383448,0.831417891259917
MI,2020-2021,41,2021-07-10,1.0993857601516885,0.7988153763395056,1.4472093722386377
MI,2020-2021,42,2021-07-17,0.952079598565809,0.6832287576653303,1.2648411594120177
MI,2020-2021,43,2021-07-24,1.0669282434645841,0.7721412600713574,1.4086380360246478
MI,2020-2021,44,2021-07-31,1.32916870065951,1.0040397522494182,1.699201196399684
MI,2020-2021,45,2021-08-07,1.2418987939266606,0.9643830073880628,1.5539739278917097
MI,2020-2021,46,2021-08-14,1.122942133824138,0.8832652232316182,1.3909543361594552
MI,2020-2021,47,2021-08-21,1.257435614520974,1.0149128274956842,1.5255510795350693
MI,2020-2021,48,2021-08-28,1.0263851221434757,0.8294236559522359,1.2440146153608396
MI,2020-2021,49,2021-09-04,1.0089590157241497,0.815341588136263,1.2228935657598845
MI,2020-2021,50,2021-09-11,0.9012877868643454,0.7189024364493245,1.1039808414295753
MI,2020-2021,51,2021-09-18,1.2688171704049853,1.0388035371183495,1.5214901622877472
MI,2020-2021,52,2021-09-25,1.3499667776615685,1.1363450387220573,1.5817157697044542
MI,2020-2021,53,2021-10-02,1.2445939388177045,1.066037988958583,1.436772199343049
MI,2021-2022,4,2021-10-30,0.9547271882102362,0.9240278568161256,0.9859211885749086
MI,2021-2022,5,2021-11-06,1.029332991300337,0.996734946048203,1.0624482339922716
MI,2021-2022,6,2021-11-13,1.1133236821673351,1.07987368043096,1.1472767705980667
MI,2021-2022,7,2021-11-20,1.0757170140577261,1.04449024507474,1.1073973117417963
MI,2021-2022,8,2021-11-27,0.9663346117301777,0.9377671337094033,0.9953247410892531
MI,2021-2022,9,2021-12-04,0.9029602048301874,0.8748946365212484,0.9314626700509634
MI,2021-2022,10,2021-12-11,0.9044287166184147,0.8749316519925133,0.9344079737472419
MI,2021-2022,11,2021-12-18,0.9594333709776336,0.9275448013063133,0.9918533506091282
MI,2021-2022,12,2021-12-25,1.0097079515226268,0.9763269858839688,1.0436421876054458
MI,2021-2022,13,2022-01-01,1.1493699252734373,1.1138963423503645,1.185391787920289
MI,2021-2022,14,2022-01-08,1.082325275417355,1.0501326853083988,1.1149971129954135
MI,2021-2022,15,2022-01-15,0.9382009089494076,0.9093598141082085,0.9674859727075279
MI,2021-2022,16,2022-01-22,0.792948873699444,0.7656300317232377,0.820739911135973
MI,2021-2022,17,2022-01-29,0.7598921955981992,0.7300248837120821,0.7903499200343398
MI,2021-2022,18,2022-02-05,0.8080699121342968,0.7729526248634686,0.8439563834607559
MI,2021-2022,19,2022-02-12,0.8340998177256668,0.7945939172908568,0.8745506776283577
MI,2021-2022,20,2022-02-19,0.8929323635558736,0.848340365354882,0.9386504643121735
MI,2021-2022,21,2022-02-26,0.9541959319919422,0.9055093143590063,1.0041394679604991
MI,2021-2022,22,2022-03-05,1.0455779708597968,0.9934144340640333,1.0990574876248123
MI,2021-2022,23,2022-03-12,1.1259014688037345,1.0728716461105519,1.180192504430035
MI,2021-2022,24,2022-03-19,1.2429994316663466,1.1903123294234044,1.296811493408812
MI,2021-2022,25,2022-03-26,1.1662637681633525,1.1202932910799133,1.2131456292297913
MI,2021-2022,26,2022-04-02,1.1314929416062596,1.0894350011554175,1.17433627496841
MI,2021-2022,27,2022-04-09,1.0365193280306333,0.9985925304558275,1.0751431204713509
MI,2021-2022,28,2022-04-16,1.0184205166380633,0.9814665710483084,1.0560478135551334
MI,2021-2022,29,2022-04-23,1.0277533634282625,0.9909475831948682,1.0652208811377455
MI,2021-2022,30,2022-04-30,1.1076844324087194,1.069954791675926,1.1460586958081878
MI,2021-2022,31,2022-05-07,1.0963526877229552,1.0606111711490749,1.132678227172976
MI,2021-2022,32,2022-05-14,1.1486967020901662,1.1136829396893175,1.1842448319991141
MI,2021-2022,33,2022-05-21,1.0075178455007716,0.9768522027986725,1.0386508029375199
MI,2021-2022,34,2022-05-28,0.9491089586392358,0.9194583351742208,0.9792235483801325
MI,2021-2022,35,2022-06-04,0.8241966304439952,0.7958805400319057,0.8530007625657373
MI,2021-2022,36,2022-06-11,0.8369163100928139,0.8056198588973904,0.8688007928913212
MI,2021-2022,37,2022-06-18,0.8483144154580078,0.8140034727182495,0.8833237140278698
MI,2021-2022,38,2022-06-25,0.8687249064282486,0.8311578888083233,0.9071106164973375
MI,2021-2022,39,2022-07-02,0.8939305133146764,0.8531620921395264,0.9356370565739213
MI,2021-2022,40,2022-07-09,0.9419036074101428,0.8977331911439599,0.9871198491917791
MI,2021-2022,41,2022-07-16,0.9826790746687747,0.9362318927769157,1.0302349015985337
MI,2021-2022,42,2022-07-23,0.9493029405940937,0.9032671036059998,0.9964668760837148
MI,2021-2022,43,2022-07-30,1.0074488327774542,0.9588037692914836,1.057280669209531
MI,2021-2022,44,2022-08-06,1.0113755063840708,0.9627938208171208,1.0611361272015771
MI,2021-2022,45,2022-08-13,1.0402695635878167,0.9912443406978959,1.0904614560145025
MI,2021-2022,46,2022-08-20,0.9899120365343398,0.9429847109019405,1.0379628585074432
MI,2021-2022,47,2022-08-27,0.9749034483557077,0.9281021470693496,1.0228397734319983
MI,2021-2022,48,2022-09-03,1.039542900064283,0.990594852871713,1.0896547348052652
MI,2021-2022,49,2022-09-10,1.102443417757298,1.0529322783170207,1.1530760847988448
MI,2021-2022,50,2022-09-17,1.1717288478974954,1.1229868625962973,1.2214917804972483
MI,2021-2022,51,2022-09-24,1.1384898367107248,1.0939583430043593,1.183897278833634
MI,2021-2022,52,2022-10-01,1.081860753924328,1.0410735748080557,1.1234206779950653
MI,2022-2023,4,2022-10-29,1.3135854529707018,1.2745595245319536,1.3531916731355123
MI,2022-2023,5,2022-11-05,1.2096350667703297,1.176805396098548,1.2429100993072923
MI,2022-2023,6,2022-11-12,1.2264325893663603,1.1962685084168323,1.2569670213180022
MI,2022-2023,7,2022-11-19,0.993493363230291,0.9689020769561962,1.0183885342887515
MI,2022-2023,8,2022-11-26,0.9722494977427288,0.9478489076152795,0.9969558683705777
MI,2022-2023,9,2022-12-03,1.074149976209083,1.0481441174073287,1.100470081500545
MI,2022-2023,10,2022-12-10,1.1955913195133594,1.1690717725263928,1.2224041576915465
MI,2022-2023,11,2022-12-17,1.2617055860574973,1.2367051485957792,1.286952724445381
MI,2022-2023,12,2022-12-24,1.1150890957350674,1.0940859735107558,1.1362891328165343
MI,2022-2023,13,2022-12-31,0.9848857572091927,0.9661622757630861,1.0037864313745442
MI,2022-2023,14,2023-01-07,0.8041800601207623,0.7871460163173206,0.8213939138968182
MI,2022-2023,15,2023-01-14,0.6935443343110165,0.675994501358469,0.7113159378855353
MI,2022-2023,16,2023-01-21,0.6606786254867061,0.6402877682949897,0.6813846437821919
MI,2022-2023,17,2023-01-28,0.7079291712940992,0.6822104241087773,0.7341171279445255
MI,2022-2023,18,2023-02-04,0.9028259333154257,0.8685443957635223,0.937761710128037
MI,2022-2023,19,2023-02-11,1.0192324107939537,0.9809490906453157,1.0582382930643432
MI,2022-2023,20,2023-02-18,1.029888847226388,0.9917457649223247,1.0687415961245137
MI,2022-2023,21,2023-02-25,1.047508547983732,1.0095712192353516,1.0861358113597586
MI,2022-2023,22,2023-03-04,0.9944789915000161,0.9583312161169588,1.0312865917354606
MI,2022-2023,23,2023-03-11,1.03225456140997,0.9953186743006343,1.0698539565522718
MI,2022-2023,24,2023-03-18,1.037358972286667,1.0008847351926256,1.0744768480697762
MI,2022-2023,25,2023-03-25,1.0604976984092367,1.0242536826513629,1.0973630758574784
MI,2022-2023,26,2023-04-01,0.9996792648662438,0.9654718217509686,1.0344738881634088
MI,2022-2023,27,2023-04-08,0.9486831634239843,0.915359265898578,0.9825945254315751
MI,2022-2023,28,2023-04-15,0.8864566474108804,0.8534287612735503,0.9201027867076419
MI,2022-2023,29,2023-04-22,0.9175094292803022,0.88190667965363,0.9538068206154049
MI,2022-2023,30,2023-04-29,0.9423826819398691,0.9047731955855017,0.9807472895943826
MI,2022-2023,31,2023-05-06,1.058730658819329,1.0176885907180324,1.1005726879044313
MI,2022-2023,32,2023-05-13,1.0374574720271301,0.9979212261036512,1.0777510232805954
MI,2022-2023,33,2023-05-20,1.023470483319445,0.984884672925691,1.0627873320184156
NY,2017-2018,4,2017-10-28,1.1182866968602927,1.0888027570959047,1.148159039473571
NY,2017-2018,5,2017-11-04,1.0751292621285942,1.0477391975646222,1.1028678206393876
NY,2017-2018,6,2017-11-11,1.0140938690646752,0.9884068072064792,1.0401058599850617
NY,2017-2018,7,2017-11-18,1.0995348119599913,1.0729592057279722,1.1264310018781472
NY,2017-2018,8,2017-11-25,1.033018064441714,1.0084107785129797,1.0579178512915484
NY,2017-2018,9,2017-12-02,1.0322363434989366,1.0080190395127462,1.0567371138512098
NY,2017-2018,10,2017-12-09,1.0539799777637262,1.029876635208431,1.0783582501870135
NY,2017-2018,11,2017-12-16,1.1015718877098921,1.0775413398814986,1.1258637624405317
NY,2017-2018,12,2017-12-23,1.1738266622049924,1.1501441324287531,1.1977471850922834
NY,2017-2018,13,2017-12-30,1.0797479316896978,1.058726379295235,1.1009732659118021
NY,2017-2018,14,2018-01-06,1.0692733992856938,1.0491135829267488,1.089622410235018
NY,2017-2018,15,2018-01-13,1.124853660370616,1.1048300605004973,1.1450545908127319
NY,2017-2018,16,2018-01-20,1.2434909082844807,1.2235937939042452,1.2635462719600834
NY,2017-2018,17,2018-01-27,1.3675828834246802,1.3487974966831358,1.3864963850510736
NY,2017-2018,18,2018-02-03,1.2930294646411158,1.2773322031087884,1.3088212642305337
NY,2017-2018,19,2018-02-10,1.216295256747133,1.2028521744953633,1.2298120090216158
NY,2017-2018,20,2018-02-17,1.0597180594430275,1.0483058023035088,1.0711912455220804
NY,2017-2018,21,2018-02-24,0.9028902391636553,0.8926497552190018,0.9131883202171895
NY,2017-2018,22,2018-03-03,0.7272147704741355,0.7175653419367586,0.7369277543815884
NY,2017-2018,23,2018-03-10,0.6478239926727806,0.6372191483504615,0.65851514198092
NY,2017-2018,24,2018-03-17,0.6709425958051365,0.6576636810420022,0.6843523890662843
NY,2017-2018,25,2018-03-24,0.8555740569436014,0.8374172507304115,0.873922889834513
NY,2017-2018,26,2018-03-31,0.9233953067066815,0.9030582081991905,0.9439557139212944
NY,2017-2018,27,2018-04-07,0.9057670302793129,0.8848385727894753,0.9269367056051364
NY,2017-2018,28,2018-04-14,0.9116046701246572,0.8895864625256137,0.9338883002571072
NY,2017-2018,29,2018-04-21,0.8875268895723433,0.8648155742443397,0.9105284719125135
NY,2017-2018,30,2018-04-28,0.9620575904686985,0.9370122235894383,0.9874286781576284
NY,2017-2018,31,2018-05-05,0.9957218181433233,0.9697585416511568,1.0220233010864068
NY,2017-2018,32,2018-05-12,1.014018558446512,0.9877599888082127,1.0406167986231427
NY,2017-2018,33,2018-05-19,0.9869893801167839,0.9612560923446689,1.013057848183925
NY,2017-2018,34,2018-05-26,0.971713422960835,0.9460189390772181,0.9977473937571157
NY,2017-2018,35,2018-06-02,0.9352178898575465,0.9096626900416398,0.9611221662543036
NY,2017-2018,36,2018-06-09,0.9636096934059742,0.9368185750692488,0.9907732550660953
NY,2017-2018,37,2018-06-16,0.9327039319376228,0.9058735467609363,0.959920418246308
NY,2017-2018,38,2018-06-23,0.9493426550004046,0.9213511800032076,0.9777471561057227
NY,2017-2018,39,2018-06-30,0.9087764280837096,0.8807003279721268,0.937286913584238
NY,2017-2018,40,2018-07-07,0.8765989633843069,0.8477342701318997,0.9059401307568885
NY,2017-2018,41,2018-07-14,0.9372746124680976,0.9054750844250103,0.9696152700138138
NY,2017-2018,42,2018-07-21,0.94518247969706215,0.9122367410772503,0.9787044729970835
NY,2017-2018,43,2018-07-28,0.9456447913551234,0.9117851754253169,0.9801130707984446
NY,2017-2018,44,2018-08-04,0.9406954353380239,0.9060054159328346,0.9760280507351274
NY,2017-2018,45,2018-08-11,0.9884722697077397,0.9518432916465365,1.0257831195094624
NY,2017-2018,46,2018-08-18,1.044743538190342,1.0068606409723122,1.0833162277489132
NY,2017-2018,47,2018-08-25,1.0003528521280018,0.9640545016292049,1.0373126081167312
NY,2017-2018,48,2018-09-01,0.9942974536093482,0.9581122973888202,1.0311439356575867
NY,2017-2018,49,2018-09-08,1.0162294251705923,0.9795385138868757,1.0535855063035517
NY,2017-2018,50,2018-09-15,1.0938484319843156,1.0560567906958969,1.1322951590806665
NY,2017-2018,51,2018-09-22,1.2204292478476269,1.1821699745620053,1.2592893067621596
NY,2017-2018,52,2018-09-29,1.2139944066215154,1.1793197125963664,1.2491644994233195
NY,2018-2019,4,2018-10-27,1.065949880661777,1.0436940318634715,1.0884372646600824
NY,2018-2019,5,2018-11-03,1.0292817078297436,1.0080785171819073,1.050702505480401
NY,2018-2019,6,2018-11-10,1.0074844455143708,0.9867967836897138,1.0283837361362052
NY,2018-2019,7,2018-11-17,0.9874424995914072,0.9670353798457124,1.0080597409979968
NY,2018-2019,8,2018-11-24,1.0268192340173516,1.0058795812307597,1.0479716049161687
NY,2018-2019,9,2018-12-01,1.0488327018850578,1.0279351471695952,1.0699376248339536
NY,2018-2019,10,2018-12-08,1.0785937622924557,1.0578802179567461,1.0995053460065773
NY,2018-2019,11,2018-12-15,1.1167049252992962,1.0963802688289785,1.1372136548179548
NY,2018-2019,12,2018-12-22,1.147066074792149,1.1275324208318565,1.1667651556360585
NY,2018-2019,13,2018-12-29,1.1707519635512196,1.1522801607123943,1.1893686133572219
NY,2018-2019,14,2019-01-05,1.0864642751592568,1.0699754934355588,1.1030773900386162
NY,2018-2019,15,2019-01-12,1.0026272696785825,0.9874108446400931,1.0179584337059566
NY,2018-2019,16,2019-01-19,0.9991439085462646,0.9839734997939326,1.014428761363945
NY,2018-2019,17,2019-01-26,1.0310373283004681,1.01561907796338,1.0465701227603723
NY,2018-2019,18,2019-02-02,1.0668929606072326,1.0514366512423734,1.082460485777319
NY,2018-2019,19,2019-02-09,1.0617771169646275,1.0468314573966768,1.0768272445700304
NY,2018-2019,20,2019-02-16,1.0553644900552588,1.040888471439049,1.0699390922343321
NY,2018-2019,21,2019-02-23,0.9968855302463216,0.9831782591435237,1.010686379118881
NY,2018-2019,22,2019-03-02,0.892701205705386,0.8797131401041309,0.9057831294625481
NY,2018-2019,23,2019-03-09,0.8682573739812646,0.8547313644095689,0.8818880972169479
NY,2018-2019,24,2019-03-16,0.9271893709184178,0.9122282382965461,0.9422705070692058
NY,2018-2019,25,2019-03-23,0.9944162849494518,0.9783452050984949,1.0106164751042472
NY,2018-2019,26,2019-03-30,0.9623872148540694,0.9465344134213111,0.9783698444043006
NY,2018-2019,27,2019-04-06,0.9396183865322736,0.9236633035540972,0.9557081992771381
NY,2018-2019,28,2019-04-13,0.9031122417840017,0.8869957677463306,0.9193718038563036
NY,2018-2019,29,2019-04-20,0.884550231564966,0.867800575019547,0.9014577697040153
NY,2018-2019,30,2019-04-27,0.8209632844520224,0.803850763631084,0.8382535358784539
NY,2018-2019,31,2019-05-04,0.8432980698671868,0.8242333731369281,0.8625777086100502
NY,2018-2019,32,2019-05-11,0.8604443327925128,0.8395449444449801,0.8815970907251738
NY,2018-2019,33,2019-05-18,0.9181256856966347,0.8949182093410486,0.9416261029014171
NY,2018-2019,34,2019-05-25,0.9855194329290817,0.9604612213525849,1.010895839899721
NY,2018-2019,35,2019-06-01,1.0155729353124605,0.9899515498078212,1.041517103128163
NY,2018-2019,36,2019-06-08,1.0560747848439156,1.0301355577426623,1.0823320573833821
NY,2018-2019,37,2019-06-15,0.9912551339944846,0.9667780955479454,1.0160339109486738
NY,2018-2019,38,2019-06-22,0.9390333609278447,0.915112518038614,0.96325853136798
NY,2018-2019,39,2019-06-29,0.922634063054414,0.8981970303645684,0.9473945094889148
NY,2018-2019,40,2019-07-06,0.8928986988320818,0.8679135696722108,0.9182334348785101
NY,2018-2019,41,2019-07-13,0.9269880529052921,0.9001054210583233,0.9542607271497109
NY,2018-2019,42,2019-07-20,0.8925885776387793,0.8652342697537097,0.920362648584326
NY,2018-2019,43,2019-07-27,0.9182782670589135,0.88897664435519,0.9480483697610074
NY,2018-2019,44,2019-08-03,0.9822733643600247,0.9506925671416843,1.0143629637723912
NY,2018-2019,45,2019-08-10,0.9988724098930275,0.9667448676669131,1.0315177771449497
NY,2018-2019,46,2019-08-17,1.04973468900496,1.0167712360806882,1.0832166507453347
NY,2018-2019,47,2019-08-24,0.954022220228307,0.9233288980068203,0.9852103875534934
NY,2018-2019,48,2019-08-31,0.9990536824487904,0.966920309806667,1.0317049740901512
NY,2018-2019,49,2019-09-07,0.9903819847586565,0.9583707273344536,1.0229117742810228
NY,2018-2019,50,2019-09-14,1.1784108162378564,1.1433032034498123,1.2140419358024677
NY,2018-2019,51,2019-09-21,1.246615419245135,1.2132364660554542,1.2804410224826606
NY,2018-2019,52,2019-09-28,1.1932602654334465,1.1638957696863124,1.2229854975354
NY,2019-2020,4,2019-10-26,1.0707029895580271,1.0451142356794658,1.0965969220441463
NY,2019-2020,5,2019-11-02,1.0995490399491983,1.0744567773795792,1.1249268998966864
NY,2019-2020,6,2019-11-09,1.1193886753403794,1.0951988492172315,1.1438390625123231
NY,2019-2020,7,2019-11-16,1.0846971803278098,1.0621448891656418,1.1074830964415354
NY,2019-2020,8,2019-11-23,1.088274291136554,1.0665513630377526,1.110213174490074
NY,2019-2020,9,2019-11-30,1.09281272766432,1.0719126305491091,1.1139118161539754
NY,2019-2020,10,2019-12-07,1.1417316299693094,1.1212603395916017,1.1623855409507329
NY,2019-2020,11,2019-12-14,1.1874116484742914,1.1678250537308803,1.2071588737482084
NY,2019-2020,12,2019-12-21,1.2339702688089176,1.2155902182622416,1.2524863237401676
NY,2019-2020,13,2019-12-28,1.3150917185813993,1.2979476389842868,1.3323467242627673
NY,2019-2020,14,2020-01-04,1.2103251956207128,1.1959208786662332,1.2248145478107564
NY,2019-2020,15,2020-01-11,1.0568560387363979,1.0445849541113121,1.069197788128988
NY,2019-2020,16,2020-01-18,1.0083010103736043,0.9966320314515656,1.0200369654411516
NY,2019-2020,17,2020-01-25,1.066579599906726,1.0546250330613647,1.0786006083723616
NY,2019-2020,18,2020-02-01,1.1442995865971604,1.132294740269532,1.1563668616140137
NY,2019-2020,19,2020-02-08,1.0741756738327395,1.0632782785179191,1.0851278597489962
NY,2019-2020,20,2020-02-15,0.93913327638041455,0.9292917076442859,0.9490259673330519
NY,2019-2020,21,2020-02-22,0.8298014371865857,0.8202686196355162,0.8393885665971342
NY,2019-2020,22,2020-02-29,0.7571258869927703,0.7471682309294053,0.7671485459271574
NY,2019-2020,23,2020-03-07,0.8456050471471569,0.8335780343163327,0.8577170105775431
NY,2019-2020,24,2020-03-14,1.181743460648493,1.1663220136190107,1.197264790615913
NY,2019-2020,25,2020-03-21,1.349647214538007,1.3344384198603247,1.3649409953721405
NY,2019-2020,26,2020-03-28,1.2222547672756687,1.2097384323907518,1.2348346278232074
NY,2019-2020,27,2020-04-04,0.9799015754394665,0.9697344079959805,0.9901210310394907
NY,2019-2020,28,2020-04-11,0.7799564701121172,0.7708003228703019,0.7891659306832218
NY,2019-2020,29,2020-04-18,0.6464173044701141,0.6370303587538547,0.6558719548879693
NY,2019-2020,30,2020-04-25,0.5698074864245226,0.5589565032426287,0.5807613364963349
NY,2019-2020,31,2020-05-02,0.5928910780655876,0.5784253468530108,0.6075329825155108
NY,2019-2020,32,2020-05-09,0.6171558197089709,0.5982261074178196,0.6363762708691367
NY,2019-2020,33,2020-05-16,0.7132591078886826,0.6876425105060094,0.7393376190170833
NY,2019-2020,34,2020-05-23,0.8096480202412422,0.7775634108110576,0.8423721938972153
NY,2019-2020,35,2020-05-30,0.8988644976246584,0.8614476658050518,0.9370656076125932
NY,2019-2020,36,2020-06-06,0.8696113018798524,0.8308843145790689,0.909208007901112
NY,2019-2020,37,2020-06-13,0.8566821963644319,0.8155936355837378,0.8987663071599217
NY,2019-2020,38,2020-06-20,0.9497966809769705,0.9031848617004784,0.997564748506487
NY,2019-2020,39,2020-06-27,0.963575488715061,0.915439833159651,1.012927146442288
NY,2019-2020,40,2020-07-04,0.9999435176997142,0.9500075075804341,1.0511405852029618
NY,2019-2020,41,2020-07-11,1.024536187309706,0.9739668083423124,1.076367396039412
NY,2019-2020,42,2020-07-18,1.0924710848045178,1.040819289185848,1.1453561257796179
NY,2019-2020,43,2020-07-25,1.0840669823163114,1.03473516900595,1.1345314337978323
NY,2019-2020,44,2020-08-01,1.163437475418446,1.1142388993962393,1.213683997750362
NY,2019-2020,45,2020-08-08,1.0424095408414398,0.9991159340900295,1.0866085017496516
NY,2019-2020,46,2020-08-15,1.1131917062331012,1.0693131641589932,1.157940158801528
NY,2019-2020,47,2020-08-22,1.06257937831741,1.0218598011117983,1.1040833647034407
NY,2019-2020,48,2020-08-29,1.11899531322352,1.07839195611858,1.1603385189146864
NY,2019-2020,49,2020-09-05,1.00316767850104,0.9667545952347423,1.0402444916673215
NY,2019-2020,50,2020-09-12,0.9663687950028362,0.9306873750218629,1.0027120192139154
NY,2019-2020,51,2020-09-19,0.9951161344202784,0.9583006772403264,1.0326158039933948
NY,2019-2020,52,2020-09-26,1.0633204066813309,1.0251572573340424,1.1021712325900852
NY,2020-2021,4,2020-10-24,0.9883237521379761,0.9548830668364716,1.0223319265841118
NY,2020-2021,5,2020-10-31,0.9425150274668387,0.9096832081912541,0.9759207363248874
NY,2020-2021,6,2020-11-07,1.039260747032194,1.0037751632513683,1.0753541215011844
NY,2020-2021,7,2020-11-14,1.0767444464714737,1.0412742095865646,1.1128004505060993
NY,2020-2021,8,2020-11-21,1.0489861220405046,1.0151962457007278,1.0833214448139101
NY,2020-2021,9,2020-11-28,1.0006374144522947,0.9683873774274704,1.0334083297082954
NY,2020-2021,10,2020-12-05,0.9726981886106995,0.9409124118305474,1.0050046069450582
NY,2020-2021,11,2020-12-12,1.0777542070329102,1.0438318212725424,1.1122114520208888
NY,2020-2021,12,2020-12-19,1.0365976304012716,1.0045041981605791,1.0691886797744443
NY,2020-2021,13,2020-12-26,1.0350751445678472,1.0035515902370336,1.0670793839608228
NY,2020-2021,14,2021-01-02,1.0128525458728752,0.9821806385641433,1.0439894602336108
NY,2020-2021,15,2021-01-09,1.0864325891552284,1.054849369392917,1.1184751845002303
NY,2020-2021,16,2021-01-16,1.038486271751702,1.0088150052060676,1.0685815909292586
NY,2020-2021,17,2021-01-23,0.9912044126792198,0.9627405475727081,1.020077166057984
NY,2020-2021,18,2021-01-30,0.9162156209234328,0.8887397536294155,0.9441039318916621
NY,2020-2021,19,2021-02-06,0.9101144497925198,0.881557463473005,0.9391202783091512
NY,2020-2021,20,2021-02-13,0.9325747216389813,0.9023280894968644,0.9633130171333764
NY,2020-2021,21,2021-02-20,0.9339851322706554,0.9026826286738084,0.9658137184421586
NY,2020-2021,22,2021-02-27,0.9771279702281105,0.9440362535815863,1.0107817697295933
NY,2020-2021,23,2021-03-06,0.9539846871179866,0.9209214493479091,0.9876228843083303
NY,2020-2021,24,2021-03-13,1.0694754549483638,1.0336478359170544,1.1059049368330094
NY,2020-2021,25,2021-03-20,1.0993073857881621,1.064125706030716,1.135053244325506
NY,2020-2021,26,2021-03-27,1.0750006753160002,1.041755866308568,1.1087603624719524
NY,2020-2021,27,2021-04-03,1.0144092001741074,0.9832215319434393,1.0460770200256788
NY,2020-2021,28,2021-04-10,1.0088547954450575,0.9779640109236208,1.0402191971945518
NY,2020-2021,29,2021-04-17,0.9913046288243139,0.9608121784229935,1.0222667641716336
NY,2020-2021,30,2021-04-24,1.0096371970106988,0.978730055392003,1.0410180883478921
NY,2020-2021,31,2021-05-01,0.9531915948143155,0.9233022556106417,0.9835504094949981
NY,2020-2021,32,2021-05-08,0.9992890408240187,0.967966336149863,1.0311035417420313
NY,2020-2021,33,2021-05-15,0.9963353692802279,0.9650446981211851,1.0281183014073976
NY,2020-2021,34,2021-05-22,1.0475482866818127,1.0153975200863041,1.0801931621791359
NY,2020-2021,35,2021-05-29,0.9905289535442545,0.9599577595373316,1.0215726559482585
NY,2020-2021,36,2021-06-05,0.9955343664213904,0.9647432209423041,1.026802449763231
NY,2020-2021,37,2021-06-12,0.9965139421057402,0.9656382156263467,1.0278687720799493
NY,2020-2021,38,2021-06-19,1.0843521019306637,1.0520767541037812,1.1171082690434018
NY,2020-2021,39,2021-06-26,1.0610743398447147,1.0303640934568727,1.0922292692825957
NY,2020-2021,40,2021-07-03,1.038419497970354,1.0088919812191806,1.068366966464573
NY,2020-2021,41,2021-07-10,1.0092827735408583,0.9806956417463262,1.0382748748700925
NY,2020-2021,42,2021-07-17,1.034344809388034,1.0055286061123476,1.0635624338049714
NY,2020-2021,43,2021-07-24,1.0884725262223016,1.059379831148723,1.1179538138261074
NY,2020-2021,44,2021-07-31,1.093439413061865,1.065442097023306,1.1217947728281885
NY,2020-2021,45,2021-08-07,1.0815234204705764,1.0548493189802275,1.1085259465457538
NY,2020-2021,46,2021-08-14,1.0317150880473167,1.0066285469763823,1.0571060943100221
NY,2020-2021,47,2021-08-21,1.0185602016920359,0.9940055177439953,1.0434103141100195
NY,2020-2021,48,2021-08-28,0.9945818120457242,0.9705318651181747,1.0189220102912429
NY,2020-2021,49,2021-09-04,0.9612471352370539,0.9375432383089312,0.9852428390752289
NY,2020-2021,50,2021-09-11,0.9792255373507667,0.9548402242266099,1.0039140428405464
NY,2020-2021,51,2021-09-18,1.0458420911976791,1.0203785113299146,1.0716151247631038
NY,2020-2021,52,2021-09-25,1.1408939082724951,1.1148563600316768,1.1672278334646162
NY,2020-2021,53,2021-10-02,1.135699759610764,1.1113178353419557,1.160342579340877
NY,2021-2022,4,2021-10-30,0.9350720186869397,0.91495235155058,0.9554074608152342
NY,2021-2022,5,2021-11-06,0.9346522908379268,0.9138818404362277,0.9556528856283687
NY,2021-2022,6,2021-11-13,1.030755011029641,1.0082159160295774,1.0535398022185045
NY,2021-2022,7,2021-11-20,1.0595254149035191,1.0370005421336757,1.0822889378593694
NY,2021-2022,8,2021-11-27,1.045114099382927,1.0233564728784876,1.0670974155312922
NY,2021-2022,9,2021-12-04,1.0672701098720498,1.0457431412740137,1.0890133515225673
NY,2021-2022,10,2021-12-11,1.0992262049823303,1.0780509654859298,1.1206045319713296
NY,2021-2022,11,2021-12-18,1.193890985491427,1.1728011933440492,1.2151661075895468
NY,2021-2022,12,2021-12-25,1.2530267688373964,1.2331889857252132,1.2730206485399416
NY,2021-2022,13,2022-01-01,1.311187717127276,1.2929880888949443,1.3295127762041878
NY,2021-2022,14,2022-01-08,1.0311155972035249,1.016963842974736,1.0453637839875174
NY,2021-2022,15,2022-01-15,0.81453342837242515,0.8021462460617595,0.8270142090290643
NY,2021-2022,16,2022-01-22,0.5910939412224796,0.5794601326303883,0.6028417726791586
NY,2021-2022,17,2022-01-29,0.5986573643381268,0.5836229079364058,0.6138803538419755
NY,2021-2022,18,2022-02-05,0.697844683855874,0.6771120877145801,0.7188855610421522
NY,2021-2022,19,2022-02-12,0.8459836755413077,0.818858162971581,0.873545010931914
NY,2021-2022,20,2022-02-19,0.9629010973608138,0.9315276490344065,0.9947869030941012
NY,2021-2022,21,2022-02-26,1.0341768167524217,1.0010528264278082,1.0678324241728572
NY,2021-2022,22,2022-03-05,1.0358912053675076,1.0032652540414415,1.0690319147699048
NY,2021-2022,23,2022-03-12,1.0953941644834548,1.0623968133673476,1.128889111721085
NY,2021-2022,24,2022-03-19,1.2061757194037424,1.1730179860270538,1.2397891434448767
NY,2021-2022,25,2022-03-26,1.2009722670845009,1.170738990290076,1.2315855942465386
NY,2021-2022,26,2022-04-02,1.19944873907815,1.1717847567369808,1.2274309872710227
NY,2021-2022,27,2022-04-09,1.2224772155319465,1.1968904223326688,1.2483308589952067
NY,2021-2022,28,2022-04-16,1.130039041601908,1.107713947362163,1.1525837771107816
NY,2021-2022,29,2022-04-23,1.0272338633758857,1.0071709491646943,1.0474918925092462
NY,2021-2022,30,2022-04-30,0.969451009324576,0.9502138546642305,0.9888782698936909
NY,2021-2022,31,2022-05-07,1.038892717740711,1.0186755912891277,1.0593057397227592
NY,2021-2022,32,2022-05-14,1.1282903922400194,1.1075992518249265,1.1491703579531056
NY,2021-2022,33,2022-05-21,1.074538621434777,1.0554886507389547,1.093756606389687
NY,2021-2022,34,2022-05-28,0.9980213002233711,0.9802899421211709,1.0159093810603137
NY,2021-2022,35,2022-06-04,0.9209247099139042,0.9038789625264408,0.9381274781657547
NY,2021-2022,36,2022-06-11,0.9350349432030822,0.9171651709409175,0.9530747317799718
NY,2021-2022,37,2022-06-18,0.929707767995993,0.9113037479367329,0.948293217729385
NY,2021-2022,38,2022-06-25,0.9642816541790792,0.9448681015961103,0.983889881216951
NY,2021-2022,39,2022-07-02,0.9528057708085961,0.9331670778476434,0.9726461275767462
NY,2021-2022,40,2022-07-09,0.9810316816071003,0.9606335798329492,1.0016411046103642
NY,2021-2022,41,2022-07-16,0.9419732382811068,0.9218013887021261,0.9623603834638674
NY,2021-2022,42,2022-07-23,0.9250375296520171,0.904466114066343,0.9458370482877724
NY,2021-2022,43,2022-07-30,0.9354761547765885,0.913998891345788,0.957199366895308
NY,2021-2022,44,2022-08-06,0.9725026544928188,0.9498879319264925,0.9953797237742541
NY,2021-2022,45,2022-08-13,0.9832832009943057,0.9602343088445413,1.0066016473796506
NY,2021-2022,46,2022-08-20,0.9483528159661602,0.9255340075837761,0.9714456406104713
NY,2021-2022,47,2022-08-27,0.9158983365938642,0.8928968094596357,0.9391883044371162
NY,2021-2022,48,2022-09-03,0.9102013676137537,0.8862841097257108,0.9344326260891059
NY,2021-2022,49,2022-09-10,0.9576712145237389,0.9319999799313422,0.9836863538525773
NY,2021-2022,50,2022-09-17,1.1674475149089967,1.1384876504756585,1.1967660359923022
NY,2021-2022,51,2022-09-24,1.2817253585525459,1.2535499123134666,1.3102095874040383
NY,2021-2022,52,2022-10-01,1.19783535399698,1.1736748684623464,1.2222385705010121
NY,2022-2023,4,2022-10-29,1.2542417200933191,1.2375418506052298,1.2710519635259376
NY,2022-2023,5,2022-11-05,1.3949298669196344,1.3791441988719113,1.4108041204875033
NY,2022-2023,6,2022-11-12,1.2499734750200486,1.2372568876010168,1.2627541808147216
NY,2022-2023,7,2022-11-19,1.1167533238028333,1.1059652502187112,1.1275930344860476
NY,2022-2023,8,2022-11-26,1.1045649550792689,1.094393795601915,1.1147825108614227
NY,2022-2023,9,2022-12-03,1.1864790792006574,1.1764311782198071,1.1965691172906985
NY,2022-2023,10,2022-12-10,1.1390051554020661,1.1299418069409428,1.148104207750212
NY,2022-2023,11,2022-12-17,1.0080384263526176,1.0000330623203066,1.0160752639201567
NY,2022-2023,12,2022-12-24,0.9013908020324849,0.8938512104889103,0.9089616208557165
NY,2022-2023,13,2022-12-31,0.851099322175652,0.843398428093944,0.8588347307283581
NY,2022-2023,14,2023-01-07,0.8451361028402327,0.8368437020567466,0.8534688215291923
NY,2022-2023,15,2023-01-14,0.7755238689346114,0.7669118039097383,0.784183354102023
NY,2022-2023,16,2023-01-21,0.7861067885489469,0.7763113024829714,0.795962837587011
NY,2022-2023,17,2023-01-28,0.8262431949908143,0.8149698932453557,0.8375928605073675
NY,2022-2023,18,2023-02-04,0.9387242250906058,0.9255508342566631,0.951989414190996
NY,2022-2023,19,2023-02-11,1.0075318624298355,0.9934593187522467,1.0217020060314461
NY,2022-2023,20,2023-02-18,1.0060401631612685,0.9920280287410445,1.0201492029424957
NY,2022-2023,21,2023-02-25,0.9531368341146202,0.9395386567872325,0.9668313575349847
NY,2022-2023,22,2023-03-04,0.9223318449507757,0.908643562542525,0.9361210440910553
NY,2022-2023,23,2023-03-11,0.9376145256667819,0.9232655311879157,0.9520726318832281
NY,2022-2023,24,2023-03-18,1.0069473551891779,0.9916066262369521,1.0224042084532745
NY,2022-2023,25,2023-03-25,1.0620482650300647,1.0463432920903744,1.077868602152276
NY,2022-2023,26,2023-04-01,1.0631186411727702,1.0478544869533901,1.0784916411422043
NY,2022-2023,27,2023-04-08,0.9918882761537416,0.9775745817837971,1.0063045603362977
NY,2022-2023,28,2023-04-15,0.9101241789386574,0.8963616514885966,0.923990103662902
NY,2022-2023,29,2023-04-22,0.8853880242258689,0.8711861902862129,0.8997030898424949
NY,2022-2023,30,2023-04-29,0.9610090725534703,0.9453191094511053,0.9768263833984614
NY,2022-2023,31,2023-05-06,1.013069816217974,0.996646178908811,1.0296258112479098
NY,2022-2023,32,2023-05-13,1.0765823318972643,1.0597543070803113,1.0935410769785063
NY,2022-2023,33,2023-05-20,1.041994286683426,1.026017553920509,1.0580927416437227
TX,2017-2018,4,2017-10-28,1.0473893826596379,1.0020515846270988,1.0937162159566882
TX,2017-2018,5,2017-11-04,1.0614839581200504,1.0168375825092268,1.1070761038578758
TX,2017-2018,6,2017-11-11,1.2229562010464479,1.1763419277674774,1.2704635309570613
TX,2017-2018,7,2017-11-18,1.260683231425087,1.2177028971404857,1.3043985816544812
TX,2017-2018,8,2017-11-25,1.0843945415016147,1.0487534075651501,1.1206229060641804
TX,2017-2018,9,2017-12-02,1.1265073056272823,1.091559867459647,1.1619977235326657
TX,2017-2018,10,2017-12-09,1.0839455089118495,1.0515730219455168,1.116801919883451
TX,2017-2018,11,2017-12-16,1.4141646642954222,1.3785585707653312,1.450218422974316
TX,2017-2018,12,2017-12-23,1.4148526669248958,1.384722032886518,1.4453030886656104
TX,2017-2018,13,2017-12-30,1.028308814076249,1.006604885166289,1.0502410231947457
TX,2017-2018,14,2018-01-06,1.0785817402766422,1.056649653813327,1.1007359804596208
TX,2017-2018,15,2018-01-13,1.0144479109896527,0.993940483972472,1.0351618348685965
TX,2017-2018,16,2018-01-20,1.230130499020395,1.2076927906737454,1.2527718630911133
TX,2017-2018,17,2018-01-27,1.1626427870354665,1.1429051262364363,1.18254708088944
TX,2017-2018,18,2018-02-03,1.0768220363472751,1.059161706972747,1.0946263597894506
TX,2017-2018,19,2018-02-10,1.0366055507900944,1.0198868401436048,1.0534582981842402
TX,2017-2018,20,2018-02-17,0.8915021545380959,0.8762685002499503,0.9068652659719382
TX,2017-2018,21,2018-02-24,0.8158551127035082,0.8004595790969149,0.8313952583377697
TX,2017-2018,22,2018-03-03,0.7495144470235195,0.7332498222678828,0.7659550069680305
TX,2017-2018,23,2018-03-10,0.7057361804094764,0.6876238898926822,0.7240806459005954
TX,2017-2018,24,2018-03-17,0.674557352526335,0.6536491451633338,0.6957901203722953
TX,2017-2018,25,2018-03-24,0.7395084532637095,0.7130919142755769,0.7663987227712427
TX,2017-2018,26,2018-03-31,0.8137677623740095,0.7817503676967522,0.8464187285663735
TX,2017-2018,27,2018-04-07,0.8758597408259552,0.8391910199129624,0.913301570154831
TX,2017-2018,28,2018-04-14,0.8027697874152191,0.7653829603196951,0.8410355904157004
TX,2017-2018,29,2018-04-21,0.9544296012980416,0.909117235898684,1.0008284471474906
TX,2017-2018,30,2018-04-28,1.0555581035403627,1.0067867825170271,1.1054667784475767
TX,2017-2018,31,2018-05-05,1.078117472523655,1.030067300551394,1.1272476056815417
TX,2017-2018,32,2018-05-12,0.9036699717108656,0.8612679505257161,0.9470765440091315
TX,2017-2018,33,2018-05-19,0.8604355813940214,0.8170218274181366,0.904957322110173
TX,2017-2018,34,2018-05-26,0.9078720723532142,0.8599427937923013,0.9570827929716295
TX,2017-2018,35,2018-06-02,0.8672567760190155,0.8182066424477064,0.9177145774250951
TX,2017-2018,36,2018-06-09,0.9315858830320047,0.8771448007513997,0.9876428924066938
TX,2017-2018,37,2018-06-16,0.8877535597026921,0.8327863566496169,0.9444525364120301
TX,2017-2018,38,2018-06-23,0.9103555910385421,0.8514238016370888,0.9712314076188158
TX,2017-2018,39,2018-06-30,0.9661685170477914,0.9026296531933456,1.0318378412610698
TX,2017-2018,40,2018-07-07,0.8729449895857818,0.8115798844047164,0.9365147164010064
TX,2017-2018,41,2018-07-14,1.00407398839958,0.9337665169654891,1.0768971242297543
TX,2017-2018,42,2018-07-21,0.8887450275932587,0.8227625731343864,0.9572362368045417
TX,2017-2018,43,2018-07-28,0.9760662535574052,0.9028478204452859,1.0520986373400276
TX,2017-2018,44,2018-08-04,0.9289132171741128,0.8566505636172848,1.0040601957191022
TX,2017-2018,45,2018-08-11,0.9217276422677003,0.8471528263221872,0.9994033657971269
TX,2017-2018,46,2018-08-18,0.9755054286346332,0.8956720668716489,1.058698179385835
TX,2017-2018,47,2018-08-25,1.1116241356223904,1.025217272090372,1.2014770027510935
TX,2017-2018,48,2018-09-01,1.1494596425464205,1.0658152207037854,1.2362188055549652
TX,2017-2018,49,2018-09-08,1.2903028417993307,1.2072343500072893,1.3760960072423987
TX,2017-2018,50,2018-09-15,1.2097787091000174,1.138564491841818,1.283122608271832
TX,2017-2018,51,2018-09-22,1.213207708717236,1.1480723497222813,1.2801148942824845
TX,2017-2018,52,2018-09-29,1.1454031824704705,1.0877079397104097,1.2045683698547882
TX,2018-2019,4,2018-10-27,1.0276037639804314,0.9825865223313601,1.0736151447303097
TX,2018-2019,5,2018-11-03,1.1246730423449969,1.0781628677096036,1.1721515829437343
TX,2018-2019,6,2018-11-10,1.1584207602694463,1.1137865813330663,1.2039195338015827
TX,2018-2019,7,2018-11-17,1.0888407277503998,1.0485215608644682,1.1299099104397827
TX,2018-2019,8,2018-11-24,0.99382423686654,0.9568566369428193,1.031482683548745
TX,2018-2019,9,2018-12-01,1.0583288762164607,1.020052382401815,1.0973004978490983
TX,2018-2019,10,2018-12-08,1.0174591421179515,0.9809357998093506,1.0546407260597634
TX,2018-2019,11,2018-12-15,1.117685161022411,1.079701545998655,1.156316235072197
TX,2018-2019,12,2018-12-22,1.0501951811620822,1.015295031515055,1.0856768417976725
TX,2018-2019,13,2018-12-29,1.0895976896308353,1.0548664779097239,1.124883588646927
TX,2018-2019,14,2019-01-05,1.0288617363178292,0.9964782443437733,1.0617558235556421
TX,2018-2019,15,2019-01-12,1.021006026347157,0.9891825496802487,1.0533263080476805
TX,2018-2019,16,2019-01-19,1.0790324716359359,1.0466319262377706,1.1119200274074588
TX,2018-2019,17,2019-01-26,1.205268308859354,1.1722367705423964,1.2387523970879581
TX,2018-2019,18,2019-02-02,1.2757321608212857,1.2446616970234838,1.3071803363688748
TX,2018-2019,19,2019-02-09,1.2817169262572572,1.2540225947697452,1.3097095307747162
TX,2018-2019,20,2019-02-16,1.1541518978260645,1.1308439663066807,1.1776942850954795
TX,2018-2019,21,2019-02-23,1.0290203868540995,1.0084877089626914,1.0497571121335982
TX,2018-2019,22,2019-03-02,0.9686343326688476,0.9489888764676956,0.9884782610648872
TX,2018-2019,23,2019-03-09,0.9402749626029759,0.9206217578781817,0.9601328505814614
TX,2018-2019,24,2019-03-16,0.9058695709061443,0.8860015307114255,0.9259548510597021
TX,2018-2019,25,2019-03-23,0.83374278592056,0.8137602826114205,0.8539642944773926
TX,2018-2019,26,2019-03-30,0.7945671861315138,0.7732881255630417,0.8161310400424704
TX,2018-2019,27,2019-04-06,0.8270902491236872,0.802852130712823,0.851683797744385
TX,2018-2019,28,2019-04-13,0.855483261036807,0.8284830820380764,0.8829103410562695
TX,2018-2019,29,2019-04-20,0.8684089448107237,0.8390916745008117,0.8982225930557567
TX,2018-2019,30,2019-04-27,0.822592386630211,0.7920717175453891,0.8536819497222499
TX,2018-2019,31,2019-05-04,0.8372317901196884,0.803427207521709,0.8717232171137564
TX,2018-2019,32,2019-05-11,0.8609794048276382,0.8236553921354818,0.899118867373153
TX,2018-2019,33,2019-05-18,0.965275114795774,0.9227948312764875,1.008697902720153
TX,2018-2019,34,2019-05-25,0.888597362032714,0.847154126486691,0.9310163686127114
TX,2018-2019,35,2019-06-01,0.8934127376102771,0.8494422383466232,0.9384771724444332
TX,2018-2019,36,2019-06-08,0.9173487823683151,0.8703157230680141,0.9656021025047034
TX,2018-2019,37,2019-06-15,0.965381146046227,0.9150770010586295,1.0170123097134116
TX,2018-2019,38,2019-06-22,0.9740510201883001,0.9226468473153179,1.02682902162911
TX,2018-2019,39,2019-06-29,0.8701805169698171,0.8210065313860221,0.9207644996925173
TX,2018-2019,40,2019-07-06,0.8823342788232712,0.8294173521731151,0.9368644245618194
TX,2018-2019,41,2019-07-13,0.8492362631073789,0.7941387304021381,0.9061555197115887
TX,2018-2019,42,2019-07-20,0.9735852647298309,0.9097410394983867,1.03956388203836
TX,2018-2019,43,2019-07-27,0.9874351637087284,0.9222736232806085,1.0547893729604476
TX,2018-2019,44,2019-08-03,1.032164752365666,0.9650868790033941,1.1014643029382727
TX,2018-2019,45,2019-08-10,0.9700824617712195,0.9060291210538491,1.0362924665392192
TX,2018-2019,46,2019-08-17,0.8601691213004119,0.7990177837022516,0.9235431922111359
TX,2018-2019,47,2019-08-24,1.018641221388732,0.9470341597319035,1.0928208603567442
TX,2018-2019,48,2019-08-31,1.2649928719083523,1.1856976961080101,1.3468182498563535
TX,2018-2019,49,2019-09-07,1.2773365961267733,1.2060792196247565,1.3506102402999247
TX,2018-2019,50,2019-09-14,1.2187816552212236,1.1568704732147412,1.2822838991343122
TX,2018-2019,51,2019-09-21,0.9648999036131599,0.9148532141478464,1.0162605550191188
TX,2018-2019,52,2019-09-28,1.0558462025462079,1.0025550137569925,1.1104979340699683
TX,2019-2020,4,2019-10-26,1.1747465277041034,1.1292788393415765,1.2210990135331785
TX,2019-2020,5,2019-11-02,1.1509406087804008,1.1092860014587846,1.1933522227433269
TX,2019-2020,6,2019-11-09,1.260336392084722,1.2195716844875084,1.3017618843825545
TX,2019-2020,7,2019-11-16,1.1379681444870815,1.1033235900515181,1.1731407787304258
TX,2019-2020,8,2019-11-23,1.2476861079333113,1.2135825779630083,1.282255620873761
TX,2019-2020,9,2019-11-30,1.0628723328810363,1.034590658335914,1.0915300586533534
TX,2019-2020,10,2019-12-07,1.0854265802232892,1.0576701619540183,1.1135374992621312
TX,2019-2020,11,2019-12-14,1.004508480613013,0.9788432655278605,1.0305012039206223
TX,2019-2020,12,2019-12-21,1.1417067957317006,1.1143925084098865,1.1693471865590663
TX,2019-2020,13,2019-12-28,1.07207926753154,1.0472489639983735,1.0971964513349552
TX,2019-2020,14,2020-01-04,1.116825481441931,1.0923136581588444,1.1416055082990884
TX,2019-2020,15,2020-01-11,1.054902903554544,1.0323167914829454,1.077730034977671
TX,2019-2020,16,2020-01-18,1.0925062498645022,1.0701023917312789,1.1151389870683464
TX,2019-2020,17,2020-01-25,1.0612859411203341,1.0401259719660987,1.0826560257732425
TX,2019-2020,18,2020-02-01,1.0867956794608085,1.065985758466939,1.1078039728947489
TX,2019-2020,19,2020-02-08,1.0027581178308955,0.9835573447671168,1.0221419239876413
TX,2019-2020,20,2020-02-15,0.9652910971088764,0.9464792378178437,0.984285500422698
TX,2019-2020,21,2020-02-22,0.9075081805190263,0.8889581616274516,0.9262470890382539
TX,2019-2020,22,2020-02-29,0.9263467059548104,0.9067099512880089,0.9461909046571503
TX,2019-2020,23,2020-03-07,0.9169592381385357,0.8966904147640042,0.9374514392413827
TX,2019-2020,24,2020-03-14,0.8547688443341626,0.8343711901377138,0.8754093992480976
TX,2019-2020,25,2020-03-21,0.9143366867141299,0.8915875923575672,0.9373683741597317
TX,2019-2020,26,2020-03-28,0.7229998996750987,0.7018975409938799,0.7444104403548196
TX,2019-2020,27,2020-04-04,0.6783083146676595,0.6544585394663988,0.7025789523534602
TX,2019-2020,28,2020-04-11,0.4761497935901415,0.45216559453100863,0.5007450559326146
TX,2019-2020,29,2020-04-18,0.6395392351339155,0.6000804776651053,0.6802366366080494
TX,2019-2020,30,2020-04-25,0.7975555201755528,0.743004015075586,0.8540120404942751
TX,2019-2020,31,2020-05-02,0.7225633453320803,0.6648011565399942,0.7826974324418279
TX,2019-2020,32,2020-05-09,0.8584650744363806,0.7849296848554773,0.9352458969398528
TX,2019-2020,33,2020-05-16,0.8711091796417252,0.7914289480484655,0.954556251743161
TX,2019-2020,34,2020-05-23,1.0515323957241165,0.957821224641204,1.1495544191125704
TX,2019-2020,35,2020-05-30,0.9709374473388348,0.8830031783969926,1.0629857127867322
TX,2019-2020,36,2020-06-06,1.0789925838431493,0.984804175504995,1.1774209027169655
TX,2019-2020,37,2020-06-13,1.0583288199529677,0.9682860802790942,1.1523174544301487
TX,2019-2020,38,2020-06-20,1.252199781774894,1.1566123819357652,1.351528159932985
TX,2019-2020,39,2020-06-27,1.2625510752354165,1.176248064202682,1.351865977019174
TX,2019-2020,40,2020-07-04,1.016860107795157,0.9476505936583657,1.0884742050796714
TX,2019-2020,41,2020-07-11,1.0913093457931278,1.0201088161978054,1.164877691405808
TX,2019-2020,42,2020-07-18,0.9485650870676151,0.8849334742257392,1.0143745371895
TX,2019-2020,43,2020-07-25,1.1128041016025993,1.042011375650731,1.1858904362243585
TX,2019-2020,44,2020-08-01,0.8437316835936703,0.785256129598792,0.9042773631927326
TX,2019-2020,45,2020-08-08,0.8979289761545551,0.8324961481222243,0.9658019427628446
TX,2019-2020,46,2020-08-15,0.8557878154670386,0.7885627258028249,0.9257234885129387
TX,2019-2020,47,2020-08-22,0.8241877423485712,0.753171556303948,0.8983575379847089
TX,2019-2020,48,2020-08-29,0.6831028707876694,0.6124144267556783,0.7575964085124333
TX,2019-2020,49,2020-09-05,0.699545726938427,0.6140070010031797,0.7905813725996534
TX,2019-2020,50,2020-09-12,1.3506122192231138,1.2085963450689445,1.5004029047298704
TX,2019-2020,51,2020-09-19,1.1224225456322254,1.010213818554356,1.2404553614427802
TX,2019-2020,52,2020-09-26,2.173761288256565,2.0247098015956726,2.32803127096404
TX,2020-2021,4,2020-10-24,1.0370024573735614,0.993232751252472,1.081702685965328
TX,2020-2021,5,2020-10-31,0.9864811892305656,0.9445380861643718,1.0293226733118972
TX,2020-2021,6,2020-11-07,1.0767883841505244,1.0326536784709233,1.1218336706718663
TX,2020-2021,7,2020-11-14,1.192627871823604,1.1477650848981835,1.2383386846531412
TX,2020-2021,8,2020-11-21,1.0873342923510894,1.0479817118359172,1.1274020438093615
TX,2020-2021,9,2020-11-28,0.9666429762373251,0.93101517681675106,1.0029303830215883
TX,2020-2021,10,2020-12-05,0.91119927169041115,0.8760494178202687,0.947030816365168
TX,2020-2021,11,2020-12-12,0.9568600066885664,0.9191896998193917,0.9952762114583548
TX,2020-2021,12,2020-12-19,0.931887115238825,0.8939173081841717,0.9706355827463388
TX,2020-2021,13,2020-12-26,0.9662013673954192,0.9261996880125841,1.0070368604318678
TX,2020-2021,14,2021-01-02,0.955992908445926,0.9155380379407342,0.9973101032249373
TX,2020-2021,15,2021-01-09,1.1101311489684407,1.0655460673727537,1.1556172002182137
TX,2020-2021,16,2021-01-16,0.9250854121503914,0.8864003723172373,0.964585113141595
TX,2020-2021,17,2021-01-23,1.0099886636486446,0.9680129939153369,1.0528427375581304
TX,2020-2021,18,2021-01-30,0.8730494322904908,0.8342300761012896,0.9127391885208941
TX,2020-2021,19,2021-02-06,1.3396430634903467,1.288216615243753,1.392061933468092
TX,2020-2021,20,2021-02-13,0.7790938791160711,0.7451004178232102,0.8138349535559117
TX,2020-2021,21,2021-02-20,0.7144488809402432,0.6778186294697565,0.7520294950269497
TX,2020-2021,22,2021-02-27,0.4701657557793821,0.43543677741815695,0.5062082197710819
TX,2020-2021,23,2021-03-06,1.260753417917837,1.179093379928624,1.3451087817845753
TX,2020-2021,24,2021-03-13,1.355204111954856,1.2792903880169217,1.4332749921655756
TX,2020-2021,25,2021-03-20,1.0171474537394207,0.9603816445294829,1.075520162721375
TX,2020-2021,26,2021-03-27,1.0359929812684023,0.9791483559401375,1.0944188909351342
TX,2020-2021,27,2021-04-03,1.161643822368754,1.1023927734032872,1.2224239879072472
TX,2020-2021,28,2021-04-10,1.2106859224929618,1.1543497533140956,1.2683454120948339
TX,2020-2021,29,2021-04-17,1.1816765793732444,1.1308877403357953,1.23356535835742
TX,2020-2021,30,2021-04-24,1.0603535803751682,1.0159608452196476,1.105682273925154
TX,2020-2021,31,2021-05-01,1.012892366472424,0.9707096927181578,1.0559596249904208
TX,2020-2021,32,2021-05-08,1.0044246957638454,0.9626707821151375,1.0470525757688998
TX,2020-2021,33,2021-05-15,1.0721874207142443,1.029117101165856,1.1161282881978116
TX,2020-2021,34,2021-05-22,1.012523856024502,0.9720472572084738,1.0538145343618457
TX,2020-2021,35,2021-05-29,0.9900574648093433,0.9502694633694305,1.0306500195826604
TX,2020-2021,36,2021-06-05,0.976810767748624,0.9370971337122496,1.0173370148478775
TX,2020-2021,37,2021-06-12,0.9494965191040551,0.9098997875826744,0.9899247702935475
TX,2020-2021,38,2021-06-19,1.0294979447778565,0.987208028639546,1.072662354693379
TX,2020-2021,39,2021-06-26,1.0224935910139812,0.9809226566848486,1.0649151421423972
TX,2020-2021,40,2021-07-03,1.0226022220138942,0.9814626296692979,1.0645746009082633
TX,2020-2021,41,2021-07-10,1.0656240040281335,1.0240594635021287,1.1080037946313508
TX,2020-2021,42,2021-07-17,1.0983524647035579,1.0574072898430378,1.1400645250729278
TX,2020-2021,43,2021-07-24,1.1955997896058996,1.1547384679079953,1.2371616313590452
TX,2020-2021,44,2021-07-31,1.153562284948181,1.1167283028542627,1.190985575953669
TX,2020-2021,45,2021-08-07,1.1124583503261314,1.0786887900614606,1.1467411350161554
TX,2020-2021,46,2021-08-14,1.072451042179454,1.0409515412453745,1.1044135141767046
TX,2020-2021,47,2021-08-21,1.0181528022420383,0.9884788026897308,1.0482595282302463
TX,2020-2021,48,2021-08-28,1.0956859781508492,1.0651577425361751,1.1266395280706663
TX,2020-2021,49,2021-09-04,1.0518599918673048,1.0232348935893727,1.0808744816966778
TX,2020-2021,50,2021-09-11,0.9866729546065793,0.9596189150563281,1.014097834179574
TX,2020-2021,51,2021-09-18,0.9050284242429028,0.8789573683493389,0.9314751920913411
TX,2020-2021,52,2021-09-25,0.8633769547951866,0.8366699897067966,0.890497648771133
TX,2020-2021,53,2021-10-02,0.9247195868376734,0.8950574910047341,0.9548584566138477
TX,2021-2022,4,2021-10-30,0.9484060734727913,0.9167783800463261,0.9805626256489499
TX,2021-2022,5,2021-11-06,1.0370531065268347,1.0031215260638127,1.071541190043977
TX,2021-2022,6,2021-11-13,1.0846461470050783,1.0505334250801515,1.119296303648555
TX,2021-2022,7,2021-11-20,1.1922358398845758,1.1578237822709407,1.2271448003875594
TX,2021-2022,8,2021-11-27,1.0308722949016773,1.0014814055550656,1.060682320825209
TX,2021-2022,9,2021-12-04,0.976950334078412,0.9487583193211996,1.0055493454261821
TX,2021-2022,10,2021-12-11,0.9668064169922568,0.9384451214961002,0.9955840337307148
TX,2021-2022,11,2021-12-18,1.096457899639205,1.0657452341569937,1.1276007630736364
TX,2021-2022,12,2021-12-25,1.1008795343799807,1.0714331669054027,1.1307195172325741
TX,2021-2022,13,2022-01-01,1.3279435270167452,1.297043636159577,1.3592021096521705
TX,2021-2022,14,2022-01-08,1.3032339536022548,1.2765380914442848,1.33020223952473
TX,2021-2022,15,2022-01-15,1.1871863731232286,1.164770086603784,1.2098133471992534
TX,2021-2022,16,2022-01-22,0.9217401518153349,0.9035682130732392,0.9400904950697568
TX,2021-2022,17,2022-01-29,0.7656473344678325,0.7484345626790184,0.7830530754387804
TX,2021-2022,18,2022-02-05,0.6750977345321347,0.6567417909090062,0.6937031560463371
TX,2021-2022,19,2022-02-12,0.6982797422811146,0.6757653329106447,0.7211579385775819
TX,2021-2022,20,2022-02-19,0.8794794938339492,0.8494634225083159,0.910009435062475
TX,2021-2022,21,2022-02-26,1.0501654114426604,1.0152510672685233,1.085661760491988
TX,2021-2022,22,2022-03-05,1.126295261976037,1.090959656197352,1.1621861795212376
TX,2021-2022,23,2022-03-12,1.1150660714781553,1.0818572393684533,1.1487699213102236
TX,2021-2022,24,2022-03-19,1.0922846773640267,1.0610929858318086,1.1239219092171984
TX,2021-2022,25,2022-03-26,1.0293109015080242,1.0002934739068732,1.0587374353358818
TX,2021-2022,26,2022-04-02,0.9932758082749328,0.9651656985282037,1.0217837906364242
TX,2021-2022,27,2022-04-09,0.9834095662232125,0.955347942451315,1.0118717167042015
TX,2021-2022,28,2022-04-16,0.9667148735401337,0.9386677931211795,0.9951690736556857
TX,2021-2022,29,2022-04-23,0.9534829554322152,0.9251718594060997,0.9822147731254195
TX,2021-2022,30,2022-04-30,1.150905810832855,1.1190585990359376,1.1831936321615208
TX,2021-2022,31,2022-05-07,0.991719557587778,0.9640992946987895,1.0197244626822957
TX,2021-2022,32,2022-05-14,1.1333826897620563,1.1037240750414938,1.1634290497622446
TX,2021-2022,33,2022-05-21,0.8669087520629214,0.8425051853570951,0.8916558680665959
TX,2021-2022,34,2022-05-28,1.142535551087763,1.1125105581585675,1.1729547668706075
TX,2021-2022,35,2022-06-04,0.8810758840994103,0.8563631826043764,0.9061352112027624
TX,2021-2022,36,2022-06-11,0.982987742050029,0.9552444087105683,1.01112267398087
TX,2021-2022,37,2022-06-18,0.8376310896635348,0.8118207449411752,0.8638397026741836
TX,2021-2022,38,2022-06-25,0.9350063199869703,0.9053133612745451,0.9651717124147103
TX,2021-2022,39,2022-07-02,0.9291145933371628,0.8985424042282696,0.9601910778543297
TX,2021-2022,40,2022-07-09,1.0036954167946963,0.9707672700171067,1.0371650808581863
TX,2021-2022,41,2022-07-16,1.0141082629858382,0.9810617683423337,1.047694513862348
TX,2021-2022,42,2022-07-23,1.0439874695750957,1.0106745533946,1.0778329990881619
TX,2021-2022,43,2022-07-30,0.9692666477740021,0.9378299692295539,1.0012143340460227
TX,2021-2022,44,2022-08-06,0.9337362050176298,0.9024189517386103,0.9655801837606078
TX,2021-2022,45,2022-08-13,0.8971105179941353,0.865391970934555,0.929391953842268
TX,2021-2022,46,2022-08-20,0.9832292709957804,0.9482353598326771,1.0188483892859412
TX,2021-2022,47,2022-08-27,1.2867595556739568,1.2463478917314863,1.3278069709147877
TX,2021-2022,48,2022-09-03,1.3312555198082348,1.2948392183679363,1.3681698009784273
TX,2021-2022,49,2022-09-10,1.1678791794760819,1.138176669507947,1.1979589563729636
TX,2021-2022,50,2022-09-17,1.0283114731827838,1.0024569284229843,1.0544906160313319
TX,2021-2022,51,2022-09-24,1.0841482064700436,1.0579505034680334,1.1106618611035362
TX,2021-2022,52,2022-10-01,1.0709472157893585,1.0459010006520963,1.0962856637984042
TX,2022-2023,4,2022-10-29,1.2656196467515457,1.2431848590996888,1.2882522769940978
TX,2022-2023,5,2022-11-05,1.206206153021544,1.1866628447504766,1.2259068677469365
TX,2022-2023,6,2022-11-12,1.098798278537815,1.0817627347403425,1.1159650696146648
TX,2022-2023,7,2022-11-19,0.9149286803222646,0.900079753895742,0.9298974067187574
TX,2022-2023,8,2022-11-26,0.9431696134771783,0.9274351570498586,0.9590345865500344
TX,2022-2023,9,2022-12-03,1.003655142715651,0.9869577290532694,1.0204906762405668
TX,2022-2023,10,2022-12-10,1.0705137624188492,1.0532960943976992,1.087869081174319
TX,2022-2023,11,2022-12-17,0.9386933625213044,0.9230947379474758,0.9544208675104326
TX,2022-2023,12,2022-12-24,0.8484842172139253,0.8332000354452671,0.863905386862279
TX,2022-2023,13,2022-12-31,0.9285862395126424,0.91128201148991,0.9460509615895882
TX,2022-2023,14,2023-01-07,0.8827827653623994,0.8652995820048976,0.9004383809930816
TX,2022-2023,15,2023-01-14,0.9307600829974259,0.9116982799962929,0.950016363200754
TX,2022-2023,16,2023-01-21,0.8035771700929591,0.785250374666429,0.822112429771669
TX,2022-2023,17,2023-01-28,0.8964071534788443,0.8749082013522701,0.9181634250234902
TX,2022-2023,18,2023-02-04,0.8741660908677145,0.8517909126685703,0.8968273145666789
TX,2022-2023,19,2023-02-11,0.9559918321795725,0.9310266786554552,0.9812826902953552
TX,2022-2023,20,2023-02-18,0.930113946950887,0.9049505406494555,0.9556176189634702
TX,2022-2023,21,2023-02-25,1.0126613043145658,0.9854673219719928,1.0402202531755425
TX,2022-2023,22,2023-03-04,0.9939955423802075,0.9672140937999353,1.0211376317705085
TX,2022-2023,23,2023-03-11,1.021374273800562,0.9941437110268604,1.0489676284749692
TX,2022-2023,24,2023-03-18,0.9304915950184087,0.9047693589939712,0.956569339339979
TX,2022-2023,25,2023-03-25,0.8792692180022174,0.8533910185581486,0.9055285564494632
TX,2022-2023,26,2023-04-01,0.9149437950817796,0.8868628514368228,0.9434563005741068
TX,2022-2023,27,2023-04-08,1.014566907087834,0.983694213926252,1.0459099541986538
TX,2022-2023,28,2023-04-15,1.0656871127851841,1.0342544579484523,1.0975837308493577
TX,2022-2023,29,2023-04-22,1.059172356553581,1.02877640201297,1.0900046671287416
TX,2022-2023,30,2023-04-29,1.0427705986611486,1.0134317357010314,1.0725222718184706
TX,2022-2023,31,2023-05-06,1.0337411836807437,1.005110215495609,1.062768627568319
TX,2022-2023,32,2023-05-13,0.9687968097892115,0.9415222512802615,0.9964553753878178
TX,2022-2023,33,2023-05-20,0.909551889116599,0.8827244739740998,0.9367752916224972
WA,2017-2018,4,2017-10-28,1.0883645968706377,0.8751736612353997,1.3244448863180311
WA,2017-2018,5,2017-11-04,1.2468021768850124,1.0256725762806838,1.4891956504856658
WA,2017-2018,6,2017-11-11,1.114349708216205,0.9254000817561263,1.3205917240530578
WA,2017-2018,7,2017-11-18,1.2249335230257208,1.0355390749153306,1.4299987061536343
WA,2017-2018,8,2017-11-25,1.0593976188126029,0.8991835647166101,1.2325528992899872
WA,2017-2018,9,2017-12-02,1.1041849615649768,0.9444361641082833,1.2762324505462213
WA,2017-2018,10,2017-12-09,0.8714402231208811,0.7362635534784752,1.0178411441860709
WA,2017-2018,11,2017-12-16,0.7891848870626177,0.6521187422366903,0.939130584490758
WA,2017-2018,12,2017-12-23,0.7311078616313628,0.5839829926813801,0.8945123246008101
WA,2017-2018,13,2017-12-30,3.7765897490444558,3.3753120994730157,4.200079873695161
WA,2017-2018,14,2018-01-06,1.801419361065137,1.655797298449971,1.9530910761480242
WA,2017-2018,15,2018-01-13,1.5804397911182082,1.4775582842442463,1.686734742514052
WA,2017-2018,16,2018-01-20,1.0468205537476458,0.9797572534368924,1.1160724201730448
WA,2017-2018,17,2018-01-27,1.0882552960961476,1.0213131037877037,1.1572923438136877
WA,2017-2018,18,2018-02-03,0.89645507764147625,0.8381640714729726,0.9566778485026096
WA,2017-2018,19,2018-02-10,0.9106444934204961,0.848740101551089,0.9746969359661346
WA,2017-2018,20,2018-02-17,0.7939815739069361,0.733605421584804,0.8567112076641973
WA,2017-2018,21,2018-02-24,0.8822385813071605,0.8111669835666563,0.956252112233658
WA,2017-2018,22,2018-03-03,0.8444006569698695,0.7706156333021436,0.921510657462745
WA,2017-2018,23,2018-03-10,0.813360859109453,0.7349240575511222,0.8957174370568698
WA,2017-2018,24,2018-03-17,0.837518840080854,0.7497133997867258,0.9301163404064458
WA,2017-2018,25,2018-03-24,0.9659223823700273,0.8631340709668397,1.07440957898891
WA,2017-2018,26,2018-03-31,0.9795851215564751,0.8742203958600145,1.0908581544862046
WA,2017-2018,27,2018-04-07,0.8901227868876417,0.7887296447166142,0.9975579711418902
WA,2017-2018,28,2018-04-14,0.7730893854960466,0.6734219028246407,0.8795345509804109
WA,2017-2018,29,2018-04-21,0.8143254907418036,0.6987743292742195,0.9385882549452141
WA,2017-2018,30,2018-04-28,0.6702836617029219,0.5552744375015924,0.7959563548969208
WA,2017-2018,31,2018-05-05,0.7654756356614609,0.6170814006280139,0.929618863628512
WA,2017-2018,32,2018-05-12,0.7598305349647806,0.5923251782918656,0.9478768268816838
WA,2017-2018,33,2018-05-19,1.0006593805613342,0.7800630781808386,1.2483070826836848
WA,2017-2018,34,2018-05-26,0.8381438903752496,0.6364377955816628,1.0671899944124974
WA,2017-2018,35,2018-06-02,0.590166606390696,0.4087075311481695,0.8044364741247723
WA,2017-2018,36,2018-06-09,0.41149858301902775,0.22497010451600938,0.6534126014481684
WA,2017-2018,37,2018-06-16,1.1522955585994445,0.6586364739390261,1.781752770274456
WA,2017-2018,38,2018-06-23,1.9164677477087881,1.2834885284485542,2.6743181291770357
WA,2017-2018,39,2018-06-30,1.6933968484824635,1.2442443097389675,2.2106954911510597
WA,2017-2018,40,2018-07-07,1.0091390108351277,0.738816587351555,1.3209528846952592
WA,2017-2018,41,2018-07-14,0.8842943835997551,0.6317528723231722,1.178638044704976
WA,2017-2018,42,2018-07-21,0.7613160308165562,0.5136567290082039,1.0569309202289576
WA,2017-2018,43,2018-07-28,0.9816359885440109,0.6574170277140203,1.3698153405161169
WA,2017-2018,44,2018-08-04,0.9208599628450325,0.601536300833528,1.3070874627610105
WA,2017-2018,45,2018-08-11,0.9880354205257175,0.6394044289228736,1.4113136517223344
WA,2017-2018,46,2018-08-18,0.7840124337840209,0.47202670031144833,1.1738630401604728
WA,2017-2018,47,2018-08-25,1.1952981905235898,0.7490870122460425,1.7440884255437645
WA,2017-2018,48,2018-09-01,0.9953818309505856,0.6161570417172588,1.464082388183707
WA,2017-2018,49,2018-09-08,1.3837981090261615,0.9195237939036044,1.941448110835308
WA,2017-2018,50,2018-09-15,1.3723851637495112,0.9662858066644382,1.8486092876365101
WA,2017-2018,51,2018-09-22,1.3930799560793141,1.033970794668888,1.8048910688522861
WA,2017-2018,52,2018-09-29,1.005031387111959,0.7435277529617521,1.305331405538076
WA,2018-2019,4,2018-10-27,1.1045638581088215,0.888199780247258,1.3441579758201445
WA,2018-2019,5,2018-11-03,0.8992822630351005,0.7130749058734132,1.1067643426238631
WA,2018-2019,6,2018-11-10,1.118902824211044,0.8985708453820974,1.363030589671884
WA,2018-2019,7,2018-11-17,0.9898500276670051,0.7928292944064718,1.2084055048455595
WA,2018-2019,8,2018-11-24,1.0432574043900167,0.8389021517570304,1.2695533632118063
WA,2018-2019,9,2018-12-01,1.1223680206369153,0.9132034181141792,1.352778365191593
WA,2018-2019,10,2018-12-08,1.0520187580500384,0.8595755593617247,1.2636106378668912
WA,2018-2019,11,2018-12-15,1.115824419483787,0.9212274958881054,1.328789926755439
WA,2018-2019,12,2018-12-22,1.0015524829222657,0.8261572925986055,1.193579659297799
WA,2018-2019,13,2018-12-29,1.1127402509208228,0.9269423454693347,1.3152577132478875
WA,2018-2019,14,2019-01-05,1.1379192255344444,0.9584598762004727,1.332550919171011
WA,2018-2019,15,2019-01-12,1.3153038426856472,1.1325905135448253,1.511479969588079
WA,2018-2019,16,2019-01-19,1.280596103202136,1.1217606464947636,1.4497952104201839
WA,2018-2019,17,2019-01-26,1.2050725543142555,1.0678037475542148,1.3505212427645066
WA,2018-2019,18,2019-02-02,1.1891932962937006,1.0641505022868674,1.3210816921756328
WA,2018-2019,19,2019-02-09,1.035263133333991,0.9278248722951303,1.1485022447682625
WA,2018-2019,20,2019-02-16,1.1902971659310935,1.076632150816763,1.3095840819853168
WA,2018-2019,21,2019-02-23,1.0024047151760942,0.9064485483370589,1.1031190741638
WA,2018-2019,22,2019-03-02,1.0897213194984219,0.9895974488977564,1.194600773605702
WA,2018-2019,23,2019-03-09,1.083328983197703,0.9873905929449757,1.1836516489794215
WA,2018-2019,24,2019-03-16,1.2230838816132648,1.1247237650426851,1.3255082131923017
WA,2018-2019,25,2019-03-23,1.1543078823620234,1.0674592447816118,1.2445047149167785
WA,2018-2019,26,2019-03-30,0.9116727156701753,0.839703117191045,0.986559167383246
WA,2018-2019,27,2019-04-06,0.7416315787054667,0.6739452931674634,0.8125102444857045
WA,2018-2019,28,2019-04-13,0.6030527534080382,0.5330072796433971,0.6773596431891334
WA,2018-2019,29,2019-04-20,0.6298232253731763,0.5392135099507922,0.7273665342328447
WA,2018-2019,30,2019-04-27,0.664790996778621,0.5493296637789671,0.791101765383101
WA,2018-2019,31,2019-05-04,0.8196748866194095,0.6639392897876658,0.991572438726126
WA,2018-2019,32,2019-05-11,0.8238942244300168,0.6522848162662244,1.0152413641954317
WA,2018-2019,33,2019-05-18,0.9266015063025053,0.7263076664320496,1.1509162966488684
WA,2018-2019,34,2019-05-25,0.9115287677554781,0.7049762829465411,1.1442149347340846
WA,2018-2019,35,2019-06-01,0.9779979985446627,0.7531776301701688,1.231732966883403
WA,2018-2019,36,2019-06-08,1.0905876373775691,0.8485422782156735,1.3625423105394927
WA,2018-2019,37,2019-06-15,0.88197861265746,0.6730425971696099,1.1187266817181256
WA,2018-2019,38,2019-06-22,0.7898095400074807,0.5803223425226753,1.0310804525987707
WA,2018-2019,39,2019-06-29,0.664589949180712,0.4515566266894007,0.9181388482678845
WA,2018-2019,40,2019-07-06,1.2033259021865303,0.8472524847891402,1.6208856650403258
WA,2018-2019,41,2019-07-13,1.111266716196739,0.7939052343819767,1.4811597289491212
WA,2018-2019,42,2019-07-20,1.099824593825979,0.7959485119417493,1.45207024493776
WA,2018-2019,43,2019-07-27,0.8789179911235423,0.618839377222903,1.1839066789550043
WA,2018-2019,44,2019-08-03,0.851523125447198,0.578568650562601,1.1763892346481637
WA,2018-2019,45,2019-08-10,0.9866613551339697,0.6656962730357041,1.3697766128970086
WA,2018-2019,46,2019-08-17,0.6841259816901167,0.4178819227100505,1.0149300913622352
WA,2018-2019,47,2019-08-24,1.535123694454077,1.035741510224774,2.1312039066146773
WA,2018-2019,48,2019-08-31,0.8663149559996107,0.5606333621253585,1.2374476650269643
WA,2018-2019,49,2019-09-07,1.2309738848883272,0.8305329109227907,1.7089543740953113
WA,2018-2019,50,2019-09-14,0.8956581535477659,0.5850736422853673,1.271315499269864
WA,2018-2019,51,2019-09-21,0.8683012025230461,0.544159740794653,1.2669592317736296
WA,2018-2019,52,2019-09-28,1.6403395265664826,1.1425565824119015,2.2267183566818654
WA,2019-2020,4,2019-10-26,1.035923900260443,0.9638988667486644,1.1105071771843875
WA,2019-2020,5,2019-11-02,1.0082997533793483,0.938418666988676,1.0806547389689607
WA,2019-2020,6,2019-11-09,0.9480843699002721,0.8805924991781171,1.0180328549377513
WA,2019-2020,7,2019-11-16,1.1194586522050654,1.0440933643870176,1.197412964273706
WA,2019-2020,8,2019-11-23,1.4205310699766431,1.3398818905438903,1.5035038705066877
WA,2019-2020,9,2019-11-30,1.1697015477699757,1.1079040649960665,1.2331525033787958
WA,2019-2020,10,2019-12-07,1.507921500642541,1.4427131554403636,1.574550921650618
WA,2019-2020,11,2019-12-14,1.3774656020972467,1.3263297069390578,1.4295551787651088
WA,2019-2020,12,2019-12-21,1.411268574129773,1.3668949095667842,1.4563411469547975
WA,2019-2020,13,2019-12-28,1.2548529440009575,1.2194255306930397,1.2907805760257007
WA,2019-2020,14,2020-01-04,1.032538703939762,1.003749380239964,1.061729405697711
WA,2019-2020,15,2020-01-11,0.9104289511277425,0.8838203735592144,0.9374266539073168
WA,2019-2020,16,2020-01-18,0.7597335236693069,0.7343271796410045,0.7855658999788969
WA,2019-2020,17,2020-01-25,0.8481535784826336,0.8175362780908145,0.8793258434353565
WA,2019-2020,18,2020-02-01,0.9839347831524501,0.9482259959885332,1.0202943477773685
WA,2019-2020,19,2020-02-08,1.0198050383335762,0.9831540467796299,1.05711737022446
WA,2019-2020,20,2020-02-15,0.9745569334045716,0.9390654846095008,1.0106974898833305
WA,2019-2020,21,2020-02-22,0.9160756238613444,0.8812447580170266,0.9515721128646794
WA,2019-2020,22,2020-02-29,1.0113543504317917,0.9731682401668089,1.0502650304353491
WA,2019-2020,23,2020-03-07,1.1964697585236157,1.1551196664457783,1.238536847798803
WA,2019-2020,24,2020-03-14,1.1538590100164843,1.1166046562175065,1.191716154373266
WA,2019-2020,25,2020-03-21,1.0065755327383041,0.9741075529908257,1.0395683471158776
WA,2019-2020,26,2020-03-28,0.7533145071078055,0.725349081620623,0.7818014861752032
WA,2019-2020,27,2020-04-04,0.6312567821059522,0.6019911286156172,0.6612072833524641
WA,2019-2020,28,2020-04-11,0.5485868445107097,0.5147056230360877,0.5835327326892968
WA,2019-2020,29,2020-04-18,0.6030431782576908,0.5559031267889181,0.6520743094859911
WA,2019-2020,30,2020-04-25,0.7468079904586326,0.6801123136685421,0.8165785835031604
WA,2019-2020,31,2020-05-02,0.8747376982000379,0.7917094383685713,0.9618465665587266
WA,2019-2020,32,2020-05-09,0.9458244417480384,0.8536949132378419,1.0426068167308502
WA,2019-2020,33,2020-05-16,0.8677121291354339,0.7771393593146848,0.9632051324053027
WA,2019-2020,34,2020-05-23,0.8628240586620866,0.7662045955946652,0.9650976585967921
WA,2019-2020,35,2020-05-30,0.9318638014973143,0.8240156256961162,1.0462481416860663
WA,2019-2020,36,2020-06-06,1.007961437887008,0.891722610221512,1.131218213697954
WA,2019-2020,37,2020-06-13,1.0216426649770025,0.9048616411393079,1.1454085289701361
WA,2019-2020,38,2020-06-20,0.9238167638795611,0.8138989830533776,1.040595318867513
WA,2019-2020,39,2020-06-27,1.015873094682795,0.8959095876535939,1.1432645531618753
WA,2019-2020,40,2020-07-04,1.1082540285684654,0.9835214990172623,1.2403251724156121
WA,2019-2020,41,2020-07-11,1.1397394778215013,1.019001451764621,1.267139650654982
WA,2019-2020,42,2020-07-18,1.0997261278032682,0.9881368323629272,1.2171990224819058
WA,2019-2020,43,2020-07-25,0.9569188808830934,0.8574679101227932,1.0617476258619265
WA,2019-2020,44,2020-08-01,0.9858029022107445,0.8826028074295004,1.0946265132091386
WA,2019-2020,45,2020-08-08,0.8872214879470532,0.7886933130018352,0.991464823996681
WA,2019-2020,46,2020-08-15,0.9881116062220474,0.8778319377864643,1.104821936454147
WA,2019-2020,47,2020-08-22,0.9955094436448266,0.8840318058137052,1.1135107134847377
WA,2019-2020,48,2020-08-29,0.971316512492288,0.8608664063440488,1.0883362525824127
WA,2019-2020,49,2020-09-05,1.0089149960202533,0.8945847194091296,1.1300208247922616
WA,2019-2020,50,2020-09-12,0.9924172879490422,0.879371864719466,1.112199115533426
WA,2019-2020,51,2020-09-19,1.0528106169690206,0.9356999169531284,1.1767262840572215
WA,2019-2020,52,2020-09-26,1.0626601068316488,0.9476458892064104,1.1841663756434937
WA,2020-2021,4,2020-10-24,0.9638661771135186,0.8619120393840477,1.071437093275384
WA,2020-2021,5,2020-10-31,0.991545116897517,0.8861895129287919,1.1027326148930219
WA,2020-2021,6,2020-11-07,1.1297743607803465,1.016528195886466,1.2489150543265577
WA,2020-2021,7,2020-11-14,1.1585483566843287,1.0501321732238273,1.2722139830766555
WA,2020-2021,8,2020-11-21,1.061842188371621,0.9650386341378328,1.1632061183292197
WA,2020-2021,9,2020-11-28,1.0423038435094136,0.9490198681581407,1.13989815095533
WA,2020-2021,10,2020-12-05,0.9329473446105742,0.8464463059358432,1.0235962450501357
WA,2020-2021,11,2020-12-12,0.9125132236316569,0.8240748812467679,1.0053943921770636
WA,2020-2021,12,2020-12-19,0.988529067559452,0.892239827301969,1.0896812335165194
WA,2020-2021,13,2020-12-26,1.0147322510933936,0.9165100562739609,1.1178822884035768
WA,2020-2021,14,2021-01-02,1.0153487084785646,0.9176750277259982,1.1178908211587804
WA,2020-2021,15,2021-01-09,0.8679570969458437,0.7783954934832247,0.9623252214984015
WA,2020-2021,16,2021-01-16,1.014534465427745,0.9107298522670934,1.1238604611452367
WA,2020-2021,17,2021-01-23,0.9193193594937122,0.8211927819341962,1.0229038653243836
WA,2020-2021,18,2021-01-30,0.9962632479638585,0.8897614881735466,1.1086983415581935
WA,2020-2021,19,2021-02-06,0.8763221528193258,0.7763271237344124,0.9822869384576769
WA,2020-2021,20,2021-02-13,0.965647625407889,0.8536884182037429,1.0844051314994871
WA,2020-2021,21,2021-02-20,0.9832069085106132,0.8681710475416332,1.1052957493959166
WA,2020-2021,22,2021-02-27,0.9985898094777874,0.8815391928240145,1.1228309839512887
WA,2020-2021,23,2021-03-06,0.9762260077078264,0.8602923128096959,1.099381384483554
WA,2020-2021,24,2021-03-13,0.9473860667547056,0.8317737731276745,1.070412017459983
WA,2020-2021,25,2021-03-20,1.0385655674059349,0.9140455174739613,1.1709214599847664
WA,2020-2021,26,2021-03-27,1.0964728055783697,0.9704749078510186,1.2300492038134236
WA,2020-2021,27,2021-04-03,1.11962630247441,0.9974859754304881,1.2487188069845714
WA,2020-2021,28,2021-04-10,1.375610722356985,1.2467315328653499,1.5107378202355024
WA,2020-2021,29,2021-04-17,1.3507462245719268,1.2408859436807083,1.465199676048037
WA,2020-2021,30,2021-04-24,1.2622322741788607,1.1701875585775068,1.357712057148313
WA,2020-2021,31,2021-05-01,1.1079929207659729,1.0308582979586849,1.1878709163158319
WA,2020-2021,32,2021-05-08,1.0133437498640485,0.9431130849349305,1.0860606896163405
WA,2020-2021,33,2021-05-15,1.0234011501550362,0.9532280986313254,1.096031056019195
WA,2020-2021,34,2021-05-22,0.9839798009496004,0.9159139851907238,1.0544505015057681
WA,2020-2021,35,2021-05-29,0.9875058984921536,0.91875916412899,1.0586976816586784
WA,2020-2021,36,2021-06-05,0.946971293417853,0.8792395781593644,1.0171804604126484
WA,2020-2021,37,2021-06-12,0.9688050592939852,0.8984545549075003,1.0417695594944751
WA,2020-2021,38,2021-06-19,1.0228587423786277,0.9493998421016703,1.099015989738181
WA,2020-2021,39,2021-06-26,1.080021005370757,1.0052642531689338,1.1574207808343302
WA,2020-2021,40,2021-07-03,1.0359371452883992,0.9653425734430521,1.1089875433653835
WA,2020-2021,41,2021-07-10,1.012111833476952,0.9434775607451085,1.08312166817381
WA,2020-2021,42,2021-07-17,1.0087781073928621,0.9406183853969463,1.0792880941234972
WA,2020-2021,43,2021-07-24,1.0960666956949225,1.025230605743351,1.169235502259404
WA,2020-2021,44,2021-07-31,1.1099034926256732,1.0416296479555005,1.1803138647664153
WA,2020-2021,45,2021-08-07,1.1510441039395998,1.084844197543955,1.2191768920631743
WA,2020-2021,46,2021-08-14,1.1369837878085565,1.0754474456710805,1.2002079619840753
WA,2020-2021,47,2021-08-21,1.1077611542324255,1.0506279529459053,1.166385706769023
WA,2020-2021,48,2021-08-28,1.0344497948313156,0.981884347125913,1.0883665991843732
WA,2020-2021,49,2021-09-04,1.0043346355402165,0.9533688239738075,1.056608853506106
WA,2020-2021,50,2021-09-11,0.9910106955200602,0.940480321438882,1.0428446693459195
WA,2020-2021,51,2021-09-18,1.0328689684278196,0.981032520326298,1.0860211361891108
WA,2020-2021,52,2021-09-25,1.040690547069652,0.9894388495872756,1.093218163296346
WA,2020-2021,53,2021-10-02,1.0471963985146369,0.9967404620052461,1.0988805839169475
WA,2021-2022,4,2021-10-30,0.9809982142764263,0.9328856856245025,1.030303441842501
WA,2021-2022,5,2021-11-06,0.9968791346780577,0.9479256395284867,1.0470477563502263
WA,2021-2022,6,2021-11-13,0.9965634506594807,0.9475318973425886,1.0468144537845143
WA,2021-2022,7,2021-11-20,1.0507911323293062,1.0003314405511894,1.1024749518958676
WA,2021-2022,8,2021-11-27,0.9608453260766459,0.9137361119616194,1.0091219879079514
WA,2021-2022,9,2021-12-04,1.0445423349147818,0.9944435451905506,1.0958549868406464
WA,2021-2022,10,2021-12-11,0.9872319165853154,0.9395337277735717,1.0360945110525408
WA,2021-2022,11,2021-12-18,1.0796876776196338,1.0294614936950834,1.1310933159236014
WA,2021-2022,12,2021-12-25,1.0533207177021977,1.0054922383300156,1.1022448768286053
WA,2021-2022,13,2022-01-01,1.1930322532571587,1.1433361805232922,1.24377071208481
WA,2021-2022,14,2022-01-08,1.3654600809852318,1.3165686215997383,1.4152304176595913
WA,2021-2022,15,2022-01-15,1.1969855454729488,1.1575991568409805,1.237021621795414
WA,2021-2022,16,2022-01-22,0.9776820306296415,0.9450589839317107,1.0108509039029845
WA,2021-2022,17,2022-01-29,0.7998803353758355,0.7700781372452851,0.8302404046058441
WA,2021-2022,18,2022-02-05,0.6912843452045025,0.6604908744377265,0.722769550917765
WA,2021-2022,19,2022-02-12,0.770154568234631,0.731399877689947,0.8098956261814877
WA,2021-2022,20,2022-02-19,0.7578427219150881,0.7143139668549603,0.8026407029995635
WA,2021-2022,21,2022-02-26,0.8904457553301106,0.8365535339424164,0.9459964401769102
WA,2021-2022,22,2022-03-05,0.9410736602066347,0.8824774812229728,1.0015266598202166
WA,2021-2022,23,2022-03-12,1.0476986100140477,0.9839798590630262,1.1133880857752203
WA,2021-2022,24,2022-03-19,1.1327979584520116,1.0679301087100408,1.199551335623597
WA,2021-2022,25,2022-03-26,1.2165474200789912,1.1531554861733222,1.2816116273221494
WA,2021-2022,26,2022-04-02,1.1497612602554446,1.093655599940744,1.2072505927456934
WA,2021-2022,27,2022-04-09,1.0731040582162115,1.022412679818263,1.1250046575323975
WA,2021-2022,28,2022-04-16,1.0080333219740802,0.9605411984905757,1.0566552929094828
WA,2021-2022,29,2022-04-23,1.106644472331614,1.0570367581960565,1.1573737715243604
WA,2021-2022,30,2022-04-30,1.2319614391863971,1.182058315380563,1.282881842261398
WA,2021-2022,31,2022-05-07,1.1792096981389932,1.135040110879113,1.2242105932089016
WA,2021-2022,32,2022-05-14,1.0906433279863852,1.0514065114571354,1.130588879028405
WA,2021-2022,33,2022-05-21,1.0373713777242903,1.000669614935121,1.0747248989988476
WA,2021-2022,34,2022-05-28,1.0452472928690166,1.0090439008388143,1.0820798469109727
WA,2021-2022,35,2022-06-04,1.003285426687909,0.968562766019914,1.0386110334619625
WA,2021-2022,36,2022-06-11,0.9355683938952474,0.9020977351732489,0.9696402091576622
WA,2021-2022,37,2022-06-18,0.8729990110698936,0.8396280346219578,0.9070111976962385
WA,2021-2022,38,2022-06-25,0.9097440710675048,0.87338382890243,0.9468354464383708
WA,2021-2022,39,2022-07-02,0.9057413134011534,0.8677777897767824,0.9445061884818747
WA,2021-2022,40,2022-07-09,0.8940209690223665,0.8544743810681559,0.9344495808035859
WA,2021-2022,41,2022-07-16,0.8376706069910076,0.7972976783165041,0.8790266420182435
WA,2021-2022,42,2022-07-23,0.8376024445338465,0.7936725765728814,0.8826989237677649
WA,2021-2022,43,2022-07-30,0.8816410262620967,0.8325786367834189,0.9320881571861996
WA,2021-2022,44,2022-08-06,0.8872523086313179,0.834975894308,0.941093541121718
WA,2021-2022,45,2022-08-13,0.9390167538615498,0.8820468476019615,0.9977442278456953
WA,2021-2022,46,2022-08-20,0.9562570189403269,0.8969881770800862,1.0173951165658313
WA,2021-2022,47,2022-08-27,0.9611480623854938,0.900424138430136,1.0238253853901031
WA,2021-2022,48,2022-09-03,0.9608910680161227,0.8989958604522796,1.0248176098201256
WA,2021-2022,49,2022-09-10,1.0430222249836056,0.9772296940965187,1.110927751744076
WA,2021-2022,50,2022-09-17,1.1502192795061008,1.082417902462906,1.2200511515124688
WA,2021-2022,51,2022-09-24,1.224385463416614,1.1588984968032296,1.2916469005413163
WA,2021-2022,52,2022-10-01,1.1647029297462845,1.1067292402049094,1.2241357453914674
WA,2022-2023,4,2022-10-29,1.432754470989575,1.3674839923416795,1.4995252079717019
WA,2022-2023,5,2022-11-05,1.4960813186286945,1.4399494970404891,1.5532713775361255
WA,2022-2023,6,2022-11-12,1.691826333662285,1.6426385199382498,1.7417296609212125
WA,2022-2023,7,2022-11-19,1.6200547602823114,1.582731516647255,1.657806913549647
WA,2022-2023,8,2022-11-26,1.6617257656495916,1.6317960552986894,1.6919236932469381
WA,2022-2023,9,2022-12-03,1.3432030999758582,1.3221746136329362,1.3643951939427101
WA,2022-2023,10,2022-12-10,1.120136673954924,1.103493613529322,1.1369025776999164
WA,2022-2023,11,2022-12-17,0.9116848187011026,0.897475972425556,0.9260037141705909
WA,2022-2023,12,2022-12-24,0.7987296568932997,0.7848307421798103,0.8127488729215772
WA,2022-2023,13,2022-12-31,0.7291695080818869,0.7143831689148652,0.7441052048773493
WA,2022-2023,14,2023-01-07,0.6552542688545191,0.6389578621437709,0.6717530292438784
WA,2022-2023,15,2023-01-14,0.6452031079557938,0.6254253130040295,0.6652844772275804
WA,2022-2023,16,2023-01-21,0.6584587192720563,0.6338447241667962,0.683535015704063
WA,2022-2023,17,2023-01-28,0.7605594050059324,0.7282680586812453,0.7935413949003133
WA,2022-2023,18,2023-02-04,0.897356963276021,0.8573525726141645,0.9382607210775119
WA,2022-2023,19,2023-02-11,1.0285215611185403,0.983372811600215,1.0746694196575937
WA,2022-2023,20,2023-02-18,1.010707719956575,0.9665420449979413,1.0558462199236998
WA,2022-2023,21,2023-02-25,0.9732620973837804,0.930143649000686,1.0173437572844295
WA,2022-2023,22,2023-03-04,0.9785653494096243,0.9347569490037416,1.0233628805314983
WA,2022-2023,23,2023-03-11,1.0098311588723519,0.9648479237017128,1.055824883442163
WA,2022-2023,24,2023-03-18,1.0795376894836655,1.0332175416775768,1.1268592587279511
WA,2022-2023,25,2023-03-25,1.0461185257294203,1.0021593186805782,1.0910080621545535
WA,2022-2023,26,2023-04-01,1.0210783676803956,0.9785741663696333,1.064473481330048
WA,2022-2023,27,2023-04-08,0.9687410865484742,0.927756402099689,1.0105991784826165
WA,2022-2023,28,2023-04-15,0.9202910736691015,0.8797387620925267,0.961744288606893
WA,2022-2023,29,2023-04-22,0.9340759374537434,0.8915580610867816,0.9775702792276395
WA,2022-2023,30,2023-04-29,0.9430349600477704,0.8988881270141602,0.988225205248989
WA,2022-2023,31,2023-05-06,0.9640582380119653,0.9181385541552182,1.011082665812145
WA,2022-2023,32,2023-05-13,0.939414184175537,0.8932826060245638,0.9866908430601588
WA,2022-2023,33,2023-05-20,0.9623594552141829,0.914237045895097,1.0116987641700446
